2.2947,2,1,4,3,1
5.0843,1,1,6,8,2
1.4502,2,7,3,8,1
5.188,2,1,3,11,2
7.8339,2,7,3,0,1
5.5595,2,5,6,7,2
5.1567,1,7,1,2,2
3.2705,2,3,4,8,1
2.9373,1,3,4,0,1
2.0542,2,8,1,7,2
1.4805,2,3,1,9,2
2.0633,2,5,6,9,2
1.1074,2,6,1,5,1
1.6567,2,12,1,4,2
1.8133,2,5,3,6,2
2.355,2,8,4,3,2
3.4837,1,9,2,5,2
6.8095,2,7,6,0,1
4.2296,1,7,5,5,2
2.6067,1,5,6,7,1
0.93781,1,2,3,7,1
1.0059,2,2,4,7,2
1.7694,1,9,6,7,1
1.3896,2,9,3,3,1
1.288,2,1,4,0,1
1.2505,1,1,4,3,2
5.1009,2,1,5,8,1
1.3627,1,2,4,4,1
1.6681,1,6,1,4,2
1.1201,1,9,1,7,2
1.2936,1,3,2,0,1
0.92436,2,10,1,12,1
1.2852,1,7,2,5,1
4.4371,1,9,6,3,1
3.0589,1,5,5,9,2
2.2908,2,7,5,5,1
1.363,2,5,2,9,2
3.5154,1,2,1,7,1
1.1606,2,11,1,0,1
2.5488,2,6,1,7,2
2.6039,2,6,3,7,2
2.6774,2,7,4,0,1
6.4726,2,7,4,6,1
4.0309,2,9,1,0,1
2.2096,2,9,5,5,2
3.9295,2,6,5,0,1
2.1963,2,3,6,0,1
1.6794,2,7,4,0,1
4.5162,1,7,3,2,2
1.2836,2,9,1,8,1
2.3585,1,5,1,3,1
2.0165,1,2,4,7,1
2.1936,2,2,4,6,2
3.4671,1,12,4,4,1
4.0347,2,7,6,5,1
5.0185,2,7,2,9,2
2.0515,1,8,1,0,1
1.7414,2,9,1,7,1
1.7148,1,4,4,6,1
2.8597,1,9,3,1,2
2.1088,1,5,1,0,1
4.6335,2,2,1,4,2
5.9649,2,1,4,8,1
3.2166,2,9,3,8,1
1.8606,2,3,1,5,1
2.8133,1,11,3,1,2
7.28,2,9,6,5,1
3.3083,1,8,4,0,1
5.4867,2,11,3,8,1
2.8226,1,10,4,12,2
4.794,2,3,5,0,1
5.0348,1,8,4,0,1
6.3889,2,8,5,1,2
4.2048,1,3,3,5,2
3.3399,2,9,4,8,1
3.0501,1,7,4,9,2
2.171,1,9,5,5,1
7.0041,2,6,2,0,1
5.8134,1,1,1,7,1
2.7934,1,4,1,12,2
1.1635,2,5,2,7,1
1.9913,2,8,3,7,2
6.6976,2,3,2,9,2
1.5352,1,2,4,6,1
2.2241,2,5,1,6,2
3.7872,2,9,4,7,2
4.6895,2,9,2,3,1
1.5385,1,3,1,8,1
1.3895,2,12,1,10,2
1.475,1,3,1,0,1
7.9683,1,9,4,0,1
1.1752,2,5,3,0,1
5.0537,1,9,6,5,2
2.425,1,4,4,12,2
4.8591,1,6,5,2,2
4.0713,1,9,3,3,2
1.8944,1,3,1,0,1
3.1234,1,5,3,3,1
4.1094,1,8,6,0,1
3.1996,1,6,3,5,2
0.99798,2,1,6,8,1
1.2392,2,5,5,0,1
2.054,1,6,2,2,2
3.8401,1,5,5,7,1
1.1516,1,4,1,6,1
1.0994,1,7,4,2,2
2.0429,2,5,3,3,2
2.1181,2,7,1,0,1
2.563,2,8,1,9,2
2.2571,1,7,1,1,2
2.6237,2,8,4,11,2
2.1133,1,9,1,8,2
1.5057,2,8,1,11,2
3.549,1,6,1,2,2
1.1358,1,8,1,3,2
1.1616,1,7,6,5,2
1.3411,2,4,1,12,1
1.4077,2,6,1,0,1
4.3291,1,6,3,2,2
1.9019,1,7,5,9,2
3.9314,1,7,3,6,2
1.0809,2,7,1,0,1
6.7883,1,9,1,3,2
1.3765,2,1,4,0,1
2.9128,1,8,3,3,1
1.9963,2,4,1,0,1
2.6493,2,2,6,6,2
4.5964,2,6,1,4,1
2.7169,2,8,1,7,2
1.614,2,2,1,5,1
1.8326,2,6,1,4,1
2.5303,1,4,4,12,2
1.4183,1,4,1,2,2
1.1663,2,7,3,8,1
2.1384,1,7,4,6,2
1.4245,1,5,6,0,1
2.0814,2,5,1,6,2
1.405,1,7,4,1,2
1.4489,1,9,3,8,2
1.2618,2,6,5,0,1
1.4352,2,5,6,9,2
4.4289,2,1,3,8,2
1.5149,2,10,1,12,1
0.92121,1,1,1,7,1
1.7067,1,6,4,7,1
3.0563,2,1,4,0,1
1.3485,2,1,4,7,2
0.98161,1,2,3,7,1
0.9877,2,7,6,0,1
1.6468,1,2,4,5,2
1.072,1,12,4,4,1
1.8635,2,11,1,0,1
1.0101,2,11,3,0,1
2.6828,2,7,3,6,1
1.3954,1,9,1,8,2
1.5996,2,1,1,3,1
1.4394,2,1,4,3,1
1.9153,1,7,3,6,2
0.95434,1,8,4,7,1
1.7345,2,11,4,1,2
1.33,2,4,4,12,1
1.3384,1,12,4,10,1
1.6196,2,8,1,9,2
1.9529,1,9,1,3,2
2.0756,2,9,1,8,1
2.2556,1,6,6,2,2
1.4906,2,2,3,7,2
2.7751,1,7,5,5,2
1.191,2,6,4,4,1
1.5879,1,1,3,0,1
2.8374,1,9,5,5,1
1.6955,2,6,3,7,2
1.816,1,1,5,8,2
3.1085,2,9,2,5,1
1.3527,2,1,3,11,2
4.8259,1,3,1,5,2
3.3999,2,8,3,3,2
1.4651,1,2,4,6,1
1.8263,2,8,3,9,2
3.5679,1,5,1,6,1
1.8438,1,5,3,3,1
1.4219,2,7,1,9,2
1.5611,1,8,6,0,1
2.0445,1,11,1,8,2
1.0164,2,1,4,0,1
1.9044,2,5,5,7,2
1.5056,1,5,4,3,1
1.3511,2,5,5,0,1
1.731,2,1,3,3,2
1.8032,1,1,3,0,1
1.1929,1,7,4,9,2
3.3039,2,9,3,8,1
1.3139,2,7,4,0,1
2.5755,2,5,3,6,2
1.8629,2,4,1,12,1
1.1223,2,3,4,5,1
3.2184,1,8,3,3,1
1.3145,1,1,1,8,2
1.6645,2,1,3,9,2
1.8401,2,7,4,0,1
1.5278,1,4,1,6,1
2.5252,1,1,4,7,1
0.9637,2,3,1,5,1
1.054,1,2,1,4,1
2.5939,1,5,4,0,1
3.5019,1,8,1,0,1
2.7801,2,6,3,5,1
1.9607,2,11,1,8,1
1.6133,2,2,4,6,2
1.4633,2,12,1,10,2
1.7347,2,3,1,9,2
1.3918,1,9,6,3,1
1.8798,2,9,1,7,1
2.08,2,9,5,3,2
2.4506,2,6,3,0,1
2.5929,1,1,1,0,1
1.3057,1,9,5,3,1
2.8048,2,9,1,3,1
2.0309,1,8,2,0,1
1.3379,1,3,1,8,1
1.6685,1,5,6,7,1
1.0388,2,6,4,0,1
1.1671,1,4,4,6,1
0.96792,1,2,4,7,1
1.3846,2,5,2,9,2
2.1006,1,3,6,9,2
2.1985,2,8,3,11,2
1.5982,2,10,4,12,1
1.5262,1,1,4,3,2
2.7922,2,11,4,8,1
1.6109,1,2,1,5,2
2.0138,2,7,1,8,1
2.6305,1,9,4,7,1
1.0956,2,7,3,0,1
1.3164,2,5,3,3,2
2.9134,1,7,3,2,2
1.8366,1,7,4,2,2
2.4376,1,9,6,5,2
2.4262,2,6,1,0,1
2.0816,1,1,4,9,2
2.553,2,7,4,6,1
1.1241,2,1,1,9,2
3.2814,1,8,1,7,1
1.1864,1,6,4,2,2
1.3538,2,8,4,1,2
1.8445,2,9,2,3,1
1.4807,2,7,1,0,1
1.9775,1,5,5,9,2
1.111,2,3,5,0,1
1.5292,2,12,4,10,2
1.8581,2,7,3,9,2
3.421,1,7,1,1,2
1.5955,1,7,1,2,2
2.9142,1,1,3,7,1
1.1636,1,8,4,0,1
1.5585,1,3,1,0,1
1.5627,2,5,4,2,2
1.5052,2,7,3,0,1
1.5859,2,9,6,5,1
1.7269,1,5,3,2,2
1.0805,1,5,4,6,1
1.1869,1,5,5,7,1
3.601,2,1,1,7,2
4.2697,2,9,2,7,1
1.3896,2,5,4,6,2
1.2757,2,7,2,5,2
1.6086,2,9,6,3,2
4.6711,1,2,1,7,1
1.0508,2,3,3,0,1
2.0197,1,2,2,6,1
1.272,2,5,6,7,2
1.6924,2,6,1,5,1
1.9598,1,6,3,7,1
1.0046,1,8,3,7,1
1.7175,2,9,5,5,2
1.3027,2,9,3,0,1
1.9644,2,8,4,3,2
4.8331,1,6,3,5,2
1.0766,1,9,3,7,2
1.1552,1,7,6,9,2
2.5658,2,2,4,7,2
1.5518,2,7,1,0,1
1.4189,2,2,6,6,2
2.7202,1,1,1,3,2
1.0859,1,8,1,0,1
1.3044,1,6,2,2,2
1.1021,1,3,4,8,2
2.0197,1,2,5,6,1
2.2994,1,8,5,0,1
4.5586,1,1,1,0,1
2.2006,2,2,3,5,2
1.4856,1,8,3,0,1
4.5163,1,11,3,1,2
1.5571,2,3,3,9,2
1.7963,2,3,3,5,1
1.3851,1,7,2,5,1
1.5108,2,4,1,0,1
4.1132,1,9,2,5,2
1.3703,2,3,2,9,2
1.3354,1,8,3,0,1
1.9488,2,8,1,3,1
2.4334,1,6,1,2,2
1.2758,1,5,1,0,1
1.4545,1,1,4,11,2
1.5209,1,5,2,0,1
1.2628,1,10,1,12,2
1.2159,1,7,1,0,1
1.5811,2,3,6,0,1
2.4787,1,3,2,0,1
2.8009,1,11,1,1,2
2.2372,1,8,4,0,1
1.212,1,6,4,5,2
1.3079,2,6,4,7,2
1.7057,2,8,4,9,2
2.3892,1,7,1,8,2
2.8689,2,7,6,5,1
1.5555,2,4,1,6,2
2.0674,1,7,3,0,1
1.8115,2,1,2,8,1
2.8353,1,3,4,0,1
1.8682,1,9,1,7,2
1.6732,1,8,4,3,1
1.7032,1,2,3,5,1
2.5901,1,1,3,8,1
2.2053,2,1,1,11,2
1.9615,1,8,1,0,1
2.2561,1,9,2,3,2
2.1342,2,2,2,6,2
2.3532,1,11,4,0,1
3.133,1,9,3,3,2
1.9336,1,6,5,2,2
2.7365,2,8,1,1,2
1.3294,1,6,4,4,2
1.495,1,7,4,8,2
2.8515,2,9,1,0,1
4.4542,2,2,4,4,2
2.0769,2,3,4,8,1
3.7638,2,9,3,3,1
1.2573,2,1,1,8,1
3.1491,2,3,1,1,2
2.0664,2,7,4,0,1
2.2218,1,7,3,8,2
2.3708,2,2,1,4,2
2.2175,2,8,1,11,2
1.5718,2,2,4,5,1
1.8773,2,5,2,7,1
2.2783,1,3,3,0,1
1.5813,1,7,6,5,2
5.5136,2,8,5,1,2
1.9653,2,8,6,1,2
1.083,1,7,1,6,2
2.1157,2,1,3,7,2
1.1185,2,7,2,9,2
1.6376,2,2,1,7,2
1.6993,2,1,4,8,1
3.4881,1,2,3,6,1
1.8361,1,1,2,8,2
2.4283,2,2,5,6,2
1.2041,1,3,1,0,1
5.4047,2,1,5,8,1
1.1603,1,5,1,3,1
3.5926,1,6,1,7,1
1.5523,1,9,4,0,1
1.7303,2,7,5,0,1
1.4947,1,6,1,5,2
1.7099,2,6,2,0,1
1.1054,2,12,4,4,2
2.8139,1,9,6,7,1
4.8959,2,8,4,7,2
1.6266,1,7,2,0,1
2.786,1,3,3,5,2
1.9918,2,3,3,8,1
1.3993,2,6,4,5,1
3.2091,1,10,4,12,2
3.573,1,8,3,1,2
1.2603,1,11,4,8,2
1.4996,2,8,3,0,1
1.2496,2,12,1,4,2
1.4472,2,3,4,1,2
2.8068,2,5,1,3,2
1.8943,2,9,4,1,2
1.2802,2,4,4,0,1
1.408,1,4,1,12,2
3.0925,1,1,3,3,1
2.0308,2,5,4,3,2
3.3198,2,5,1,2,2
2.1904,1,2,6,6,1
1.663,2,6,1,7,2
4.1962,2,5,3,0,1
2.6453,1,5,3,6,1
2.2243,1,8,1,3,2
2.0485,2,1,6,8,1
2.0171,2,8,3,7,2
1.889,2,3,1,8,2
1.245,2,7,4,8,1
2.5507,2,9,6,7,2
1.5472,1,12,1,10,1
2.5184,2,7,5,5,1
2.0846,1,7,5,9,2
1.0762,2,4,4,6,2
1.3051,1,12,1,4,1
2.5056,2,8,4,11,2
1.35,1,2,1,6,1
2.2359,2,11,3,8,1
4.0969,1,9,1,1,2
1.9551,2,7,1,6,1
1.2356,1,2,4,4,1
2.7517,1,7,3,1,2
1.6757,2,9,5,7,2
1.3054,1,6,3,2,2
1.1808,1,6,1,4,2
0.88063,1,3,5,9,2
2.2401,2,9,4,8,1
1.5292,1,8,4,0,1
4.027,2,3,1,8,2
2.0056,2,5,2,7,1
3.2442,2,1,3,8,2
1.9533,2,9,1,0,1
1.8149,1,12,4,4,1
1.3381,2,3,4,5,1
2.5166,2,1,4,0,1
1.1907,1,2,4,7,1
2.7524,1,5,4,0,1
1.8519,2,7,2,5,2
1.4812,2,9,2,5,1
1.879,2,9,3,8,1
1.6994,1,6,1,5,2
4.0993,2,9,1,7,1
2.5224,1,3,1,0,1
0.96017,2,9,3,0,1
1.3677,2,6,4,5,1
1.1882,1,1,3,0,1
1.1922,1,8,3,3,1
1.3986,2,5,5,7,2
1.668,2,8,4,9,2
1.6571,1,4,1,6,1
2.0748,2,1,2,8,1
1.9583,2,6,5,0,1
1.2654,2,5,6,9,2
1.5811,2,1,3,11,2
1.4574,1,1,4,7,1
2.0569,2,7,1,0,1
1.5484,1,6,4,4,2
1.7038,2,11,1,0,1
2.0053,2,10,1,12,1
4.08,2,6,4,7,2
1.2384,2,1,1,8,1
1.6246,1,9,1,3,2
1.9747,1,2,3,6,1
1.3211,1,7,3,0,1
3.126,2,1,5,8,1
1.7472,2,3,1,1,2
2.1183,1,6,5,2,2
2.5226,1,11,3,8,2
2.5605,1,9,4,7,1
1.1793,2,8,1,11,2
2.1472,1,5,3,2,2
2.2623,2,5,6,7,2
1.2219,1,7,4,2,2
1.9103,2,1,4,3,1
3.1044,1,3,4,8,2
1.2331,1,1,1,7,1
1.3537,1,8,1,3,2
1.8196,2,7,5,0,1
2.3058,1,8,4,3,1
2.2569,2,2,3,6,2
1.6314,2,3,1,5,1
2.2991,1,9,3,1,2
1.7376,2,9,2,7,1
2.1105,1,7,2,5,1
2.767,2,2,4,6,2
1.1859,1,3,2,0,1
2.0689,2,2,3,7,2
1.1046,1,8,6,0,1
1.1642,1,8,4,0,1
3.0537,1,7,1,1,2
2.1174,1,7,3,6,2
2.4562,2,1,4,7,2
4.867,1,2,4,4,1
4.3537,1,1,3,7,1
2.4033,1,6,4,2,2
1.2024,2,3,6,0,1
1.0723,1,3,1,8,1
1.2987,1,5,3,6,1
1.5843,2,3,2,9,2
1.2426,1,7,4,9,2
1.088,2,1,1,11,2
1.1008,2,7,3,9,2
1.1434,1,1,4,3,2
1.1041,2,8,1,1,2
0.87436,1,12,1,4,1
1.418,1,9,5,5,1
1.1491,2,6,1,7,2
1.4367,1,7,5,5,2
1.0173,2,6,1,5,1
1.9128,1,5,1,3,1
0.87036,2,8,3,0,1
0.78435,2,6,4,0,1
3.1271,2,9,2,3,1
0.84836,2,6,1,0,1
0.65456,1,3,3,1,2
1.3745,1,8,4,7,1
2.1568,2,7,3,8,1
1.8023,2,4,1,6,2
1.4034,2,5,1,6,2
1.1697,2,7,1,9,2
1.2105,1,5,5,7,1
2.8805,2,5,3,3,2
1.0137,1,3,3,0,1
0.41309,2,7,3,0,1
2.08,2,5,3,0,1
1.6759,2,3,3,0,1
1.7619,2,7,1,8,1
2.7627,1,2,1,7,1
1.1091,2,3,3,5,1
2.3588,2,7,3,6,1
1.2454,1,4,1,12,2
2.8647,1,6,3,5,2
1.0295,1,5,2,0,1
0.74108,1,9,6,7,1
2.192,1,2,2,6,1
0.80617,2,9,6,5,1
2.2596,2,5,1,2,2
2.0503,1,7,1,0,1
3.2295,1,11,4,0,1
1.6866,1,1,1,0,1
1.4413,1,7,3,1,2
1.4522,1,8,1,0,1
1.067,1,5,1,6,1
0.53188,1,5,6,0,1
1.2468,2,2,1,6,2
1.1291,2,4,1,0,1
0.42901,2,4,4,0,1
2.2663,2,8,4,7,2
1.851,1,5,4,3,1
1.3799,2,7,4,0,1
1.1311,2,9,1,8,1
0.53357,1,8,4,0,1
1.9636,2,9,5,7,2
0.89037,2,7,5,5,1
2.6188,2,8,5,1,2
1.7262,1,8,3,1,2
1.2145,2,7,4,6,1
1.8213,1,1,3,3,1
2.9551,1,6,2,2,2
1.4116,2,2,1,4,2
2.4207,1,3,6,9,2
4.2431,2,11,4,8,1
3.8732,1,11,1,8,2
0.81961,2,2,4,5,1
0.82232,1,8,3,0,1
1.2018,1,2,5,6,1
1.4053,2,12,1,10,2
1.2046,2,2,6,6,2
0.96871,1,11,4,8,2
1.1656,2,6,3,0,1
1.0839,2,7,4,8,1
1.0713,1,7,1,6,2
1.0051,1,12,4,10,1
1.1307,2,1,4,8,1
1.0935,2,9,5,3,2
2.2542,2,2,3,5,2
1.5512,1,10,4,12,2
1.6604,1,6,3,7,1
2.7692,2,7,1,6,1
1.5996,1,1,6,8,2
1.2952,2,6,3,5,1
1.5555,2,1,4,0,1
1.1546,2,7,3,0,1
4.1466,1,6,4,5,2
1.7638,1,3,1,0,1
2.2395,1,3,5,9,2
2.0879,2,5,5,0,1
2.5664,1,9,3,7,2
0.70601,1,2,3,5,1
2.4321,1,6,6,2,2
1.6991,2,6,1,4,1
1.1029,2,3,4,8,1
0.86778,2,6,4,4,1
1.4316,2,7,4,0,1
2.3777,1,9,3,8,2
1.4597,2,7,6,0,1
1.1274,1,8,2,0,1
2.2986,2,11,4,1,2
1.0845,1,8,4,0,1
1.3503,2,9,6,3,2
2.6361,1,2,3,7,1
0.44858,2,1,6,8,1
2.9922,2,12,1,4,2
2.0996,1,9,6,3,1
3.0066,1,1,1,0,1
0.25916,2,3,5,0,1
0.62518,2,11,1,8,1
0.95576,2,2,1,5,1
1.4865,1,2,6,6,1
1.4673,1,8,1,0,1
0.65572,1,8,1,7,1
1.1477,2,7,4,0,1
1.2624,1,1,5,8,2
1.2101,2,8,3,7,2
1.1896,2,8,3,3,2
2.66,2,7,6,5,1
0.94113,2,10,4,12,1
1.2875,1,6,1,2,2
0.99158,2,2,5,6,2
1.1785,1,7,5,9,2
0.60742,2,4,4,12,1
1.8453,2,5,2,9,2
0.82044,1,12,1,10,1
2.0644,1,9,2,5,2
1.426,2,4,1,12,1
1.6163,1,2,6,6,1
3.5922,1,3,4,0,1
1.7312,1,10,4,12,2
1.6203,2,1,3,11,2
1.5313,2,3,3,5,1
1.7625,1,5,5,7,1
4.4855,1,1,3,8,1
2.4169,1,11,1,1,2
1.2601,2,8,4,9,2
0.63688,2,3,6,0,1
1.198,1,8,3,0,1
0.89394,1,9,1,3,2
1.1705,1,7,3,1,2
0.95551,2,6,3,0,1
0.62714,1,5,6,7,1
1.0768,1,2,2,6,1
1.7966,2,1,4,0,1
0.92617,2,1,3,9,2
0.91103,1,6,2,2,2
1.8361,2,11,4,8,1
2.7303,1,9,6,5,2
1.6221,2,4,4,6,2
0.69162,1,9,6,3,1
0.88445,2,5,4,3,2
2.5309,2,9,4,8,1
1.0677,2,8,2,1,2
0.95659,1,9,2,3,2
0.86872,2,9,3,8,1
1.691,2,6,6,0,1
1.2541,1,8,5,0,1
1.198,1,2,1,5,2
0.42317,2,7,5,5,1
0.90884,1,5,1,0,1
0.96619,2,5,6,7,2
3.0455,1,9,4,7,1
0.94542,1,2,4,7,1
1.8209,1,6,4,4,2
0.59401,2,9,5,5,2
0.87598,2,8,3,11,2
0.77537,1,9,5,7,1
2.4062,2,9,2,5,1
1.365,1,5,6,0,1
1.4162,1,1,5,8,2
0.75429,1,2,5,6,1
1.5007,1,9,5,5,1
0.83082,1,8,3,7,1
1.1158,1,8,3,0,1
4.0572,2,6,4,7,2
1.4008,2,3,5,0,1
2.1546,2,7,4,6,1
0.83122,1,3,1,5,2
1.1276,1,11,3,8,2
1.9094,1,2,3,6,1
1.0586,1,3,3,0,1
1.0871,1,7,5,9,2
2.5179,2,9,1,7,1
1.6027,2,6,1,4,1
1.9628,1,7,3,6,2
0.71667,2,6,5,0,1
0.35798,2,7,1,6,1
0.96544,1,3,4,8,2
0.84656,1,8,1,0,1
0.65254,2,8,3,7,2
0.79144,1,6,3,5,2
1.2911,1,1,1,0,1
1.3738,1,8,3,1,2
1.2317,2,1,2,8,1
0.80581,1,5,2,7,2
2.2866,1,1,4,8,2
0.79351,2,12,1,4,2
1.0998,2,9,3,7,1
0.92548,2,11,1,8,1
0.86177,2,5,5,7,2
0.76706,2,6,4,5,1
0.22397,1,5,3,6,1
1.7125,1,9,6,7,1
0.26281,2,2,4,5,1
1.4054,1,2,3,5,1
0.90145,1,3,1,0,1
1.3236,2,8,3,0,1
0.45091,2,7,2,9,2
4.6492,2,12,4,10,2
1.2165,1,7,5,5,2
2.0007,1,10,1,12,2
2.9222,1,1,4,9,2
0.81864,2,1,3,8,2
0.67903,2,7,1,9,2
1.3482,1,8,3,3,1
1.1084,1,7,1,8,2
0.97401,1,4,4,12,2
0.94681,2,1,4,7,2
2.2004,2,3,3,9,2
1.2648,1,9,2,3,2
0.85675,2,5,4,3,2
1.2755,2,2,3,5,2
1.4265,2,2,3,6,2
3.3223,2,9,4,1,2
1.432,1,2,4,5,2
0.59486,2,2,2,6,2
1.9238,1,7,3,8,2
1.397,2,8,6,1,2
0.91514,2,1,3,8,2
1.5738,1,6,4,2,2
1.7712,1,1,4,8,2
1.4018,1,7,6,9,2
1.6826,1,4,1,12,2
1.5416,1,1,6,8,2
1.0258,1,6,3,5,2
1.0693,1,9,3,3,2
0.69115,1,7,1,2,2
1.4371,1,2,1,5,2
1.0969,2,6,3,7,2
1.3174,2,5,2,9,2
1.4556,2,5,1,3,2
1.1773,2,5,5,7,2
2.042,1,3,3,8,2
1.676,1,7,3,1,2
2.1994,2,6,1,7,2
1.5417,1,7,4,8,2
1.1771,2,3,1,9,2
2.0991,2,7,4,8,1
1.4851,2,2,2,6,2
2.3167,2,6,1,4,1
2.125,1,1,3,0,1
1.9787,2,1,1,8,1
3.1291,1,5,3,6,1
1.3913,2,9,3,7,1
2.0773,1,1,4,7,1
2.9655,2,2,3,7,2
3.5228,1,3,3,0,1
1.0067,2,9,2,7,1
1.9438,1,8,3,7,1
1.3889,1,11,1,8,2
3.7685,2,1,1,9,2
3.2989,1,5,4,3,1
3.9787,2,3,1,9,2
3.2973,2,7,6,5,1
1.4642,1,11,1,1,2
1.4439,1,6,1,2,2
3.0892,1,8,6,0,1
3.0151,2,8,2,1,2
4.5516,1,8,3,1,2
4.1439,2,5,1,2,2
3.0621,2,7,4,0,1
2.1902,2,6,3,7,2
2.4763,1,12,4,10,1
2.7046,1,6,3,5,2
3.3099,2,3,3,0,1
3.1163,2,1,1,3,1
1.2853,2,12,1,4,2
2.912,2,10,4,12,1
4.8278,2,1,1,7,2
5.3098,1,9,5,3,1
3.2849,1,3,4,0,1
1.3273,2,4,1,6,2
1.6222,1,8,3,3,1
2.8556,2,8,3,3,2
2.5551,2,5,5,7,2
2.8796,2,5,3,0,1
4.5107,2,7,3,6,1
5.4459,1,8,2,0,1
2.5615,1,2,3,5,1
1.8276,1,8,1,0,1
2.7459,2,9,6,3,2
1.2492,1,1,2,8,2
1.904,1,11,3,8,2
1.617,2,8,1,11,2
5.0802,1,6,4,7,1
3.909,2,3,4,8,1
3.3274,2,1,1,11,2
3.1125,2,8,4,3,2
1.0628,2,9,4,8,1
1.5396,2,11,1,0,1
1.1155,2,7,1,0,1
0.96597,2,6,1,5,1
0.85437,2,7,4,0,1
1.304,1,12,1,10,1
3.0377,1,6,6,2,2
1.7344,2,6,4,0,1
0.86534,1,6,4,5,2
1.103,2,7,2,5,2
2.7505,1,7,2,0,1
0.76831,2,3,1,5,1
1.2347,2,1,4,3,1
1.873,1,8,4,0,1
1.609,2,9,5,5,2
1.4656,2,12,4,4,2
2.8777,1,3,3,5,2
2.9567,2,7,1,8,1
4.3584,1,7,3,0,1
1.3842,2,6,1,7,2
1.8339,1,1,3,3,1
1.9637,1,1,3,8,1
3.1462,1,9,2,7,2
3.2483,1,8,1,0,1
3.6238,2,8,1,11,2
0.77805,2,3,1,8,2
2.1617,2,1,1,9,2
1.4921,2,8,4,7,2
2.1758,1,9,2,3,2
2.3436,2,9,4,1,2
2.018,1,7,4,1,2
0.68277,2,5,4,6,2
2.2472,1,9,1,1,2
1.8624,1,11,1,8,2
1.7563,1,6,2,2,2
1.4087,1,9,3,8,2
1.1316,2,5,6,7,2
4.5038,2,2,1,7,2
1.6955,1,7,1,8,2
1.5008,1,12,4,10,1
3.2344,1,7,1,0,1
2.6211,1,9,5,5,1
2.3735,2,8,4,1,2
1.2709,1,1,1,7,1
1.6942,2,6,1,5,1
5.8909,1,6,4,5,2
3.5429,1,1,4,9,2
1.9691,2,7,4,0,1
1.6469,1,7,1,6,2
1.9772,1,4,1,6,1
3.4766,1,5,1,6,1
1.5769,2,3,1,9,2
2.5253,1,6,1,5,2
2.9514,2,1,1,9,2
1.6506,1,1,4,8,2
3.6073,1,8,4,3,1
3.1924,1,2,4,6,1
1.7464,2,9,3,8,1
2.1265,1,7,4,8,2
1.0532,2,6,4,4,1
2.1646,2,9,6,5,1
1.298,2,9,1,0,1
1.5953,1,11,3,1,2
0.79858,2,3,6,0,1
1.6928,1,8,3,7,1
3.3133,2,1,3,3,2
1.1023,1,9,6,7,1
1.944,1,5,1,3,1
1.1323,2,12,4,4,2
1.8821,2,8,3,11,2
0.87849,1,7,4,1,2
2.7804,1,6,1,2,2
2.715,2,7,1,0,1
4.2929,1,4,4,6,1
1.4193,1,7,2,0,1
1.1162,1,7,1,2,2
2.401,1,3,4,0,1
2.1301,1,8,1,0,1
1.2131,2,8,4,9,2
1.0509,1,3,3,5,2
0.7369,1,9,2,5,2
2.9893,2,12,4,10,2
1.1696,1,8,4,7,1
1.2362,1,6,3,2,2
1.7759,1,7,3,0,1
1.984,2,5,1,3,2
1.3919,1,12,1,4,1
1.441,1,1,1,3,2
0.89879,1,2,1,7,1
3.4517,2,6,3,0,1
1.7013,1,7,2,5,1
0.87019,1,7,4,9,2
1.7773,2,3,1,8,2
1.8159,1,5,2,7,2
1.1199,1,9,6,3,1
1.1025,2,9,2,7,1
1.3599,1,10,4,12,2
2.2224,1,3,6,9,2
1.5948,2,7,2,5,2
1.1886,1,7,6,9,2
1.3739,2,9,5,3,2
1.6978,1,10,1,12,2
1.9854,2,5,2,9,2
3.8625,1,6,1,7,1
4.3108,2,12,1,4,2
1.0617,1,5,1,0,1
0.86839,1,5,3,3,1
2.9823,2,6,6,0,1
1.1723,2,7,1,9,2
1.3231,1,3,5,9,2
1.9073,2,7,3,0,1
1.6482,1,3,3,0,1
2.6032,1,8,3,0,1
2.1359,2,11,4,8,1
1.409,1,9,3,3,2
1.4299,1,9,1,8,2
3.291,1,3,3,8,2
2.7453,2,7,3,8,1
1.6358,1,8,3,1,2
1.0266,2,7,6,0,1
1.8075,1,5,4,0,1
3.1161,2,2,6,6,2
1.221,1,7,5,5,2
0.64409,1,9,4,0,1
1.1579,1,6,5,2,2
1.7669,1,2,1,6,1
1.0694,2,5,1,6,2
1.5094,2,2,4,4,2
1.5146,2,6,3,7,2
2.558,2,6,2,0,1
2.2141,2,2,1,4,2
2.1306,1,3,3,1,2
2.5978,2,7,2,9,2
1.3353,2,9,5,3,2
1.5574,1,6,1,5,2
2.0795,1,7,6,5,2
2.0387,1,6,4,2,2
1.119,1,9,2,3,2
2.3669,2,6,3,7,2
1.6535,2,2,3,6,2
0.99615,1,1,2,8,2
1.9765,2,8,1,9,2
2.4087,1,5,3,2,2
1.3473,2,3,2,9,2
0.56857,2,5,3,3,2
1.8614,2,1,4,7,2
2.6887,1,7,3,1,2
1.9204,1,4,1,12,2
2.9066,1,4,4,12,2
1.9252,2,7,2,5,2
7.6567,1,7,1,6,2
1.8392,2,5,6,7,2
1.655,1,2,4,5,2
1.5452,2,9,5,5,2
1.0894,2,5,4,3,2
2.3256,1,3,3,8,2
1.3086,1,3,3,5,2
1.81,1,7,6,9,2
1.559,1,6,3,5,2
2.8223,2,2,6,6,2
2.1716,1,7,5,5,2
1.82,2,1,3,8,2
1.9583,2,5,2,9,2
1.0013,2,5,5,7,2
2.093,1,3,1,5,2
2.4786,1,9,1,1,2
1.3157,2,3,1,9,2
1.6473,1,6,4,5,2
4.3103,1,11,3,1,2
1.4102,2,8,4,1,2
1.1914,1,7,1,2,2
1.6398,1,9,2,5,2
1.2444,1,1,4,8,2
2.1287,2,1,1,11,2
0.88258,2,5,4,6,2
1.7277,1,4,4,2,2
1.694,2,2,2,6,2
0.6895,2,12,1,10,2
2.3157,1,4,1,2,2
1.8048,2,2,3,5,2
1.582,1,9,3,3,2
1.3744,1,8,1,3,2
1.6157,2,1,1,9,2
1.3275,1,5,2,7,2
1.557,2,5,1,3,2
3.5729,2,7,1,6,1
2.8438,2,8,2,1,2
2.715,1,2,3,6,1
2.9511,1,9,5,7,1
2.602,1,3,3,0,1
2.5844,2,3,3,8,1
2.3818,1,2,4,6,1
1.5444,2,1,3,3,2
2.2367,1,2,1,4,1
1.4878,2,9,5,7,2
1.7807,1,8,3,7,1
2.6476,2,6,6,0,1
2.9073,1,12,1,10,1
2.0279,1,7,6,5,2
1.8847,1,7,6,9,2
3.1807,1,2,1,5,2
2.2333,2,9,6,7,2
1.7871,2,9,4,8,1
1.8516,1,6,3,2,2
3.672,1,9,1,7,2
2.8438,1,8,6,0,1
1.4575,2,2,1,7,2
2.6277,2,11,1,8,1
2.0646,2,8,1,1,2
3.5299,2,9,5,5,2
2.9282,1,8,1,0,1
2.8169,2,9,1,0,1
1.8067,2,10,4,12,1
1.7333,1,4,1,6,1
2.2452,2,2,5,6,2
1.7104,1,8,4,3,1
4.5697,1,1,1,8,2
2.1224,2,12,4,10,2
2.4147,2,7,1,8,1
1.5752,1,3,4,0,1
2.7477,2,3,3,0,1
2.4155,1,9,6,5,2
2.2482,1,7,1,0,1
1.7132,2,7,4,0,1
1.767,2,7,3,9,2
1.6833,2,5,2,9,2
1.8587,1,1,1,0,1
1.8159,1,1,4,9,2
1.6547,2,6,4,0,1
1.9558,2,3,5,0,1
1.8503,2,8,3,7,2
2.5731,1,5,2,0,1
2.3979,1,11,4,0,1
1.78,2,9,6,5,1
3.1262,1,8,4,0,1
2.0754,1,6,3,5,2
1.6541,1,2,3,7,1
1.773,2,9,3,3,1
1.9225,1,9,4,7,1
2.2142,1,6,4,7,1
1.8758,1,9,2,7,2
2.2293,1,2,1,6,1
1.7573,2,12,4,4,2
2.0033,1,5,4,0,1
2.2077,1,8,1,7,1
2.6116,1,12,4,4,1
1.9827,1,8,3,1,2
3.1925,1,6,1,2,2
1.9598,1,8,5,0,1
1.9915,1,9,6,3,1
2.5246,1,5,3,6,1
1.6444,2,11,4,8,1
1.4493,1,6,1,7,1
2.2791,1,1,1,0,1
1.4734,1,2,4,7,1
1.7248,2,3,1,5,1
2.8784,2,3,2,9,2
2.2059,1,10,4,12,2
2.3068,1,4,4,6,1
1.8995,1,3,5,9,2
1.7987,1,5,6,0,1
2.0417,1,9,2,3,2
1.4313,1,8,3,0,1
2.7644,1,6,1,5,2
1.7139,2,2,3,5,2
1.731,1,7,1,2,2
3.5859,2,5,4,6,2
2.3284,1,5,5,7,1
1.7557,1,8,1,0,1
2.106,2,7,1,0,1
2.4147,1,2,3,5,1
2.4441,2,11,3,0,1
1.7168,2,4,4,12,1
2.3698,1,3,1,8,1
2.5159,1,8,3,0,1
2.198,1,5,6,7,1
1.703,2,2,4,4,2
4.4947,2,8,6,1,2
3.9061,2,2,6,6,2
1.5236,1,9,2,3,2
1.5035,1,7,3,8,2
2.5212,1,9,1,1,2
2.8761,2,8,1,9,2
1.914,2,3,2,9,2
1.8063,2,9,5,3,2
1.2559,1,3,3,1,2
1.5793,2,3,1,9,2
2.9059,2,8,4,1,2
1.3277,2,12,1,10,2
2.3414,1,3,3,8,2
2.4661,1,5,3,2,2
1.5372,2,5,3,3,2
1.6496,1,8,1,3,2
1.8982,1,6,1,5,2
2.1743,1,4,1,12,2
2.1607,1,1,4,8,2
1.537,2,5,2,9,2
1.7815,1,4,4,12,2
1.4946,1,7,6,9,2
2.1694,2,7,1,9,2
2.8949,1,6,4,4,2
2.0338,2,9,5,5,2
3.2086,2,1,1,11,2
2.3433,2,2,4,4,2
2.2205,2,5,5,7,2
1.8052,1,9,3,3,2
1.8105,1,4,1,2,2
2.4059,2,2,3,6,2
1.392,2,1,4,7,2
1.5327,2,2,3,5,2
1.46,1,7,1,2,2
2.9526,2,5,1,3,2
2.9568,1,6,4,2,2
1.7983,2,2,2,6,2
1.3992,2,5,4,6,2
2.3829,1,7,3,1,2
2.3455,2,7,2,9,2
1.6729,1,5,2,7,2
1.8712,1,3,3,5,2
2.13,2,7,2,5,2
1.4789,1,1,2,8,2
1.5909,2,2,1,4,2
1.5219,2,1,1,9,2
1.9062,2,8,1,11,2
1.4045,2,5,4,3,2
1.737,1,2,4,5,2
2.8519,2,1,3,7,2
2.3591,1,7,6,5,2
3.8028,1,9,2,5,2
1.5386,2,5,6,7,2
2.7057,2,1,3,8,2
2.5406,2,6,3,7,2
1.7388,1,6,4,5,2
2.3248,1,7,5,5,2
4.5585,1,7,1,0,1
5.1375,2,3,4,8,1
3.3339,1,9,3,3,2
5.7667,1,5,3,3,1
1.4931,1,3,4,0,1
2.4963,2,6,3,5,1
2.0537,2,3,1,5,1
2.7879,2,2,3,5,2
1.6865,1,8,5,0,1
2.2433,2,11,1,8,1
2.7943,1,3,4,8,2
3.1272,2,1,4,0,1
8.8639,2,5,6,9,2
3.4895,1,4,4,2,2
4.85,1,6,5,2,2
1.4333,1,8,1,0,1
2.068,1,1,4,3,2
2.0031,2,6,4,5,1
2.4965,1,4,1,12,2
2.9806,2,1,2,8,1
5.527,1,12,1,10,1
1.5542,2,9,1,3,1
4.1859,1,3,3,5,2
1.6234,2,9,4,8,1
1.6065,1,5,5,7,1
4.2632,1,1,1,7,1
2.5718,2,7,4,0,1
2.3833,2,9,6,3,2
1.2995,1,6,4,7,1
2.0183,1,7,3,0,1
2.4787,2,6,1,7,2
2.9451,2,7,3,0,1
1.806,1,9,1,3,2
2.6023,1,3,3,0,1
1.5,2,9,2,3,1
2.8305,1,8,1,3,2
1.4625,2,6,1,4,1
2.1824,1,4,1,6,1
3.4998,2,2,5,6,2
4.0062,1,2,3,7,1
2.7531,2,9,4,1,2
1.8171,1,1,3,3,1
2.447,1,1,1,0,1
1.465,1,1,3,0,1
2.4055,2,8,4,9,2
2.3621,1,10,1,12,2
4.0108,1,8,1,0,1
2.0811,1,9,1,1,2
1.0377,1,6,1,4,2
1.8948,2,7,1,0,1
1.1812,2,4,1,0,1
1.8872,1,1,1,8,2
2.9402,1,8,4,0,1
4.5162,1,5,4,3,1
1.843,1,7,3,6,2
3.4431,1,11,4,0,1
3.281,1,2,5,6,1
0.64464,1,8,4,7,1
2.9754,1,6,3,7,1
4.6979,1,2,4,6,1
4.3885,2,3,1,1,2
1.6831,2,3,3,5,1
2.2228,2,4,4,12,1
2.608,2,5,4,6,2
2.2569,1,7,4,1,2
2.8673,2,8,2,1,2
4.3649,1,2,1,4,1
1.5054,2,7,1,8,1
4.4042,2,9,1,8,1
3.7405,1,6,1,7,1
3.6637,1,1,1,0,1
1.3846,2,1,3,11,2
7.1709,1,2,4,5,2
3.9205,2,5,4,3,2
2.4822,1,5,3,2,2
1.8181,2,9,3,3,1
4.5616,1,1,1,3,2
1.6791,2,4,4,0,1
1.1828,1,8,1,7,1
5.0406,1,8,3,3,1
3.733,1,8,4,0,1
6.5453,2,2,1,6,2
2.3649,1,2,2,6,1
2.4281,2,7,4,0,1
2.2889,1,3,1,8,1
2.6461,2,7,5,0,1
1.1821,1,5,6,0,1
3.7465,1,7,4,1,2
5.3045,1,6,4,5,2
1.3299,2,5,6,7,2
1.4933,1,1,6,8,2
4.1205,1,6,3,5,2
2.2825,2,7,2,9,2
3.7558,2,5,4,3,2
5.514,2,9,4,1,2
3.9016,1,6,4,2,2
2.3184,1,1,2,8,2
4.2704,2,2,6,6,2
3.6911,1,3,3,8,2
1.4006,2,2,1,4,2
2.9131,1,9,2,3,2
2.2969,2,1,3,8,2
3.8505,1,7,1,2,2
2.0286,1,4,1,12,2
1.9012,1,4,1,2,2
2.1038,2,9,5,3,2
1.744,2,2,2,6,2
2.4754,1,7,3,8,2
4.2347,1,7,3,1,2
7.9392,2,8,1,9,2
5.0299,2,1,1,11,2
2.0241,1,7,6,9,2
3.0605,1,5,3,2,2
3.8977,2,1,3,3,2
3.0333,2,3,2,9,2
1.409,2,5,2,9,2
2.089,1,9,2,5,2
4.6995,2,6,3,7,2
1.8506,1,7,5,5,2
2.3531,2,5,4,6,2
1.698,2,1,4,7,2
4.5571,1,2,4,5,2
4.3004,1,5,2,7,2
3.2341,1,9,3,7,2
4.172,2,12,1,10,2
4.8278,2,7,1,9,2
5.1904,2,8,1,11,2
5.4327,2,1,1,7,2
2.7136,1,3,3,5,2
3.1369,1,4,4,2,2
2.2461,2,9,5,5,2
1.5222,1,8,1,3,2
6.3919,2,2,3,6,2
4.2881,1,4,4,12,2
1.767,2,1,1,9,2
3.8293,2,3,1,9,2
7.9818,1,9,3,3,2
4.4681,1,6,1,5,2
1.1231,2,5,5,7,2
1.6807,2,11,1,8,1
3.7075,2,5,1,3,2
1.5142,1,5,1,0,1
2.2128,1,11,1,8,2
3.4759,2,8,1,3,1
2.7468,2,9,4,1,2
5.6899,1,3,1,0,1
6.5944,2,1,1,7,2
5.8538,1,2,2,6,1
1.9722,2,11,4,1,2
2.8685,2,8,3,3,2
3.4855,1,1,4,3,2
3.1424,1,5,2,7,2
4.6533,2,7,5,0,1
1.8822,1,7,2,5,1
1.0045,1,7,1,2,2
1.4784,1,2,6,6,1
1.2405,2,1,5,8,1
1.7602,2,1,6,8,1
2.5297,1,6,1,2,2
6.2229,1,3,4,8,2
3.4327,1,11,4,0,1
3.4581,2,1,1,11,2
2.0189,1,9,6,3,1
3.0634,2,7,3,8,1
2.0615,2,3,4,8,1
3.1811,2,5,5,0,1
3.6823,1,2,1,5,2
1.9479,1,7,5,5,2
1.8765,1,7,1,1,2
1.6635,2,7,4,0,1
6.1292,2,1,4,8,1
5.4216,2,7,3,6,1
3.5616,1,1,2,8,2
3.0123,1,7,3,2,2
3.8098,2,3,4,5,1
2.6153,2,5,1,2,2
3.6039,2,3,1,1,2
2.5965,1,5,4,0,1
4.1742,2,6,1,4,1
1.7075,2,7,4,8,1
5.4776,2,2,1,7,2
1.7096,1,9,4,7,1
3.9583,2,10,1,12,1
3.2284,2,7,1,0,1
2.6383,1,9,6,5,2
2.2774,2,8,4,7,2
1.1003,1,5,5,9,2
2.314,2,9,2,5,1
1.1977,2,1,1,9,2
2.6056,2,5,2,7,1
3.6705,2,5,4,6,2
2.0236,1,10,4,12,2
4.0925,2,7,1,9,2
2.3696,1,9,4,0,1
5.2131,2,2,1,5,1
2.4515,1,12,1,4,1
1.1389,2,6,1,7,2
1.0283,1,1,3,0,1
1.5022,1,3,2,0,1
1.5262,2,9,3,8,1
1.69,1,1,4,9,2
1.1622,2,9,2,3,1
1.3903,2,4,1,0,1
3.0512,2,4,4,6,2
1.4784,2,3,1,5,1
2.0409,2,1,4,0,1
2.5282,1,1,4,8,2
1.2989,2,2,4,7,2
3.0179,1,7,3,8,2
1.494,1,8,6,0,1
1.2084,1,2,5,6,1
5.301,2,5,4,3,2
3.6139,2,1,3,9,2
2.2051,1,7,4,2,2
5.139,1,4,1,12,2
1.6462,2,4,4,12,1
5.0677,2,6,4,7,2
4.9237,1,1,6,8,2
1.5306,2,8,4,1,2
1.0221,1,5,5,7,1
1.1967,2,1,3,7,2
1.7469,1,5,1,3,1
1.417,2,11,3,8,1
2.0079,1,4,4,6,1
1.4048,2,7,3,9,2
2.4048,1,8,4,0,1
4.1166,1,1,3,3,1
2.0363,1,11,3,1,2
3.2769,1,8,4,0,1
1.2734,2,9,3,3,1
1.6291,1,10,1,12,2
1.4599,1,8,3,3,1
1.5176,1,8,5,0,1
1.4056,2,8,4,11,2
0.83706,1,7,1,6,2
2.1976,2,9,5,7,2
6.1671,1,9,1,1,2
3.8117,1,9,3,3,2
3.6973,1,6,4,4,2
1.9824,2,5,4,3,2
1.6596,2,12,1,10,2
3.892,1,5,5,9,2
4.0613,2,2,2,6,2
2.141,1,1,2,8,2
1.6923,2,7,2,9,2
2.3668,1,6,4,5,2
2.4889,1,4,4,12,2
1.6337,2,2,3,5,2
1.2451,2,9,5,3,2
1.2005,2,5,2,9,2
1.7075,1,4,4,2,2
1.6042,2,1,1,11,2
3.2453,2,8,3,3,2
2.2928,2,6,3,7,2
1.444,1,6,1,5,2
1.2088,2,3,1,9,2
1.5089,2,9,4,1,2
4.1678,1,3,3,5,2
1.9472,2,8,1,9,2
1.3635,1,5,2,7,2
4.0556,2,1,1,9,2
1.6219,2,3,2,9,2
4.6664,1,7,6,9,2
1.6195,1,5,3,2,2
1.864,2,2,1,4,2
1.891,1,9,2,3,2
2.4486,1,3,3,8,2
0.75983,2,7,1,9,2
1.5654,1,4,1,2,2
2.2658,1,6,3,5,2
0.75836,1,7,6,5,2
1.1072,2,2,3,6,2
1.8316,1,8,1,3,2
0.91288,2,5,4,6,2
1.3638,1,3,3,1,2
1.6895,2,1,3,8,2
1.6566,1,7,1,2,2
1.9237,1,2,4,5,2
2.7204,2,2,6,6,2
1.5634,1,9,1,1,2
2.7573,1,10,4,12,2
2.3838,1,9,2,5,2
1.9589,1,7,5,5,2
1.891,1,7,3,1,2
0.72981,2,1,4,7,2
1.2111,1,7,3,8,2
1.1164,2,5,3,3,2
1.3878,1,6,4,2,2
3.495,2,8,1,11,2
1.7808,2,9,5,5,2
1.6572,2,5,6,7,2
1.281,2,7,2,5,2
2.9406,2,5,5,7,2
1.9212,1,1,4,8,2
2.278,2,8,4,1,2
4.4775,2,2,1,7,2
0.96619,2,8,4,11,2
2.2516,2,7,1,0,1
2.6216,1,1,4,9,2
3.1328,2,10,1,12,1
5.5888,2,6,4,5,1
4.203,1,9,3,7,2
2.1253,1,6,1,7,1
5.391,2,6,5,0,1
5.562,1,5,6,7,1
3.9453,1,3,2,0,1
1.6929,2,11,3,8,1
3.1745,2,9,3,8,1
2.7303,2,11,3,0,1
4.2281,2,3,1,8,2
4.4212,2,1,1,11,2
5.1815,1,3,4,8,2
6.3682,2,3,1,5,1
4.1639,2,7,6,5,1
1.9338,2,4,4,12,1
1.8459,2,5,6,7,2
5.4273,1,3,3,0,1
5.0546,2,3,4,8,1
3.7183,1,9,4,0,1
5.2302,1,2,1,6,1
2.4043,2,1,3,11,2
5.3155,1,9,5,3,1
4.0705,1,3,4,0,1
2.5661,1,4,4,12,2
2.9141,1,8,4,7,1
2.2798,2,2,4,6,2
1.4582,1,8,3,0,1
4.0775,2,9,2,7,1
3.8128,2,1,1,8,1
5.0591,1,9,4,8,2
5.6365,2,1,4,8,1
4.7125,2,5,3,3,2
1.4489,1,3,3,1,2
5.6207,2,6,1,4,1
3.4912,2,12,4,10,2
2.7699,1,5,4,0,1
5.8554,1,7,6,5,2
1.7901,2,7,3,0,1
3.8401,2,9,1,8,1
4.7361,1,8,1,7,1
2.5856,2,7,3,8,1
3.6758,2,8,2,1,2
4.3615,1,9,2,5,2
5.1463,1,8,1,0,1
1.7585,2,9,4,1,2
2.9714,1,9,1,8,2
1.3006,1,7,3,6,2
0.90101,1,4,1,6,1
1.3887,1,3,4,5,2
2.8531,1,5,3,3,1
1.3734,1,3,1,8,1
1.8333,1,12,4,4,1
4.9729,1,4,1,12,2
4.032,1,12,1,4,1
1.5132,1,12,1,10,1
3.2579,1,3,1,0,1
1.0905,2,2,1,5,1
3.2492,2,7,4,6,1
1.8857,2,6,1,7,2
1.458,2,4,1,12,1
1.3298,1,1,1,3,2
3.9655,1,11,3,8,2
7.9655,1,1,3,7,1
2.4027,2,3,3,8,1
2.3678,1,1,4,7,1
3.1011,1,7,1,1,2
3.8569,2,3,3,9,2
1.5347,1,1,6,8,2
1.9165,1,10,4,12,2
1.9861,2,7,1,9,2
3.3622,2,2,1,4,2
2.6971,2,2,1,7,2
3.3437,1,3,4,8,2
4.2789,2,5,3,3,2
1.6366,1,7,4,1,2
2.3143,1,7,6,5,2
3.8079,2,8,1,9,2
2.6571,1,6,1,5,2
3.8911,2,5,5,7,2
2.4721,2,4,4,6,2
2.5091,1,1,4,3,2
1.9566,1,6,4,2,2
1.5494,2,9,4,1,2
0.56854,1,6,4,5,2
2.68,1,9,3,8,2
3.002,2,2,3,5,2
3.555,2,1,1,9,2
3.6755,2,5,1,3,2
2.4008,1,1,2,8,2
3.0828,2,2,4,4,2
3.5231,1,7,1,1,2
2.3468,1,1,4,8,2
5.2102,1,5,3,2,2
3.9792,2,1,4,7,2
3.8129,1,7,3,2,2
2.3588,1,5,2,7,2
2.0577,2,3,1,9,2
2.0057,1,3,1,5,2
1.446,1,8,1,3,2
2.1064,1,7,3,1,2
1.5756,1,4,4,2,2
2.5081,1,1,5,8,2
1.0296,1,11,3,8,2
1.3684,2,12,1,10,2
0.3252,1,9,6,5,2
2.9836,2,6,3,7,2
2.2546,1,9,1,1,2
2.7755,2,9,5,3,2
1.1619,2,3,2,9,2
0.90638,2,5,4,6,2
3.596,2,1,3,8,2
3.205,1,3,3,5,2
2.5902,1,9,2,3,2
2.9767,2,7,2,9,2
2.6927,1,2,4,5,2
2.4398,1,3,3,1,2
2.5772,1,4,4,12,2
2.0788,1,11,1,8,2
1.7463,2,7,2,5,2
1.934,2,8,6,1,2
2.9654,2,9,5,5,2
3.2425,1,7,6,9,2
1.5522,1,6,3,5,2
1.4496,1,4,1,2,2
2.11,1,11,3,1,2
1.5515,2,4,4,6,2
1.6465,1,9,5,3,1
1.4037,1,1,1,7,1
1.4206,1,2,1,7,1
1.6309,1,12,1,4,1
2.0352,2,4,4,12,1
2.5248,1,6,2,2,2
1.9217,1,9,4,7,1
1.1392,1,7,2,0,1
1.3301,2,7,4,0,1
1.6673,2,9,1,8,1
1.6372,1,12,4,10,1
1.1716,2,1,1,11,2
1.5075,1,6,3,7,1
1.4036,1,11,4,0,1
1.2488,2,2,1,7,2
1.805,2,9,3,3,1
1.1104,2,3,6,0,1
1.2927,2,1,4,0,1
1.0309,1,9,1,1,2
1.6393,2,7,3,0,1
1.4055,1,2,1,5,2
1.2014,1,5,4,6,1
1.4082,2,9,3,8,1
1.5846,1,1,1,3,2
1.3718,2,8,3,3,2
0.94132,2,2,4,7,2
1.3449,2,9,2,7,1
1.3493,1,3,1,0,1
1.2446,1,3,2,0,1
1.2928,1,3,4,0,1
1.1216,1,1,4,9,2
1.4046,1,8,3,0,1
1.7618,2,5,2,7,1
1.2171,2,6,1,4,1
1.0627,2,7,1,9,2
1.6665,2,2,2,6,2
1.201,1,7,4,1,2
1.2595,1,9,6,7,1
1.4297,1,7,5,5,2
1.5695,1,9,3,7,2
2.9344,2,8,1,3,1
2.0505,1,9,4,0,1
1.4669,1,5,2,0,1
1.0399,2,7,3,9,2
1.0068,1,3,1,8,1
1.9492,1,2,4,4,1
1.4042,1,5,4,3,1
1.2973,1,5,3,3,1
1.2829,1,9,6,3,1
1.0528,2,8,3,11,2
1.2059,1,6,4,2,2
1.4264,2,4,1,0,1
1.4738,1,1,1,0,1
1.0835,2,3,1,1,2
1.1812,2,2,4,6,2
1.2745,1,2,3,7,1
1.9647,1,1,3,7,1
1.4249,1,2,6,6,1
1.8422,1,6,3,2,2
1.3685,2,7,1,8,1
2.5389,2,8,1,9,2
1.3988,1,7,1,6,2
1.6408,1,8,1,0,1
1.4173,2,7,2,9,2
1.1894,1,10,1,12,2
1.2967,2,9,5,3,2
1.621,1,5,1,0,1
1.838,1,6,4,5,2
1.1439,2,1,3,7,2
1.361,2,7,1,0,1
1.4161,2,7,4,8,1
3.1979,2,5,1,3,2
1.4414,2,3,4,8,1
1.4674,1,5,5,9,2
1.2568,1,8,3,1,2
1.2723,1,7,1,8,2
2.2796,2,5,5,7,2
1.308,1,8,4,7,1
1.1739,1,7,1,2,2
1.2184,1,8,3,3,1
1.1261,2,2,1,5,1
1.6994,2,12,4,10,2
1.3695,2,2,5,6,2
1.2537,2,12,4,4,2
1.1888,2,2,6,6,2
1.2427,1,5,3,2,2
1.7736,2,9,3,7,1
1.4275,2,3,1,5,1
1.2994,1,6,1,7,1
1.2249,1,9,2,3,2
1.4847,2,1,2,8,1
1.8164,1,7,6,5,2
1.1942,1,11,1,1,2
1.1347,2,8,4,7,2
1.4135,2,2,1,4,2
1.722,1,6,4,5,2
1.6098,1,6,1,5,2
1.7258,2,1,3,8,2
1.5045,2,3,2,9,2
1.9875,1,6,4,4,2
2.0052,1,7,3,1,2
2.1475,1,3,3,8,2
1.5214,1,4,1,12,2
1.4246,1,4,1,2,2
1.4304,1,7,1,2,2
1.416,2,3,1,9,2
1.7661,1,9,2,5,2
1.8967,1,6,4,2,2
1.4338,2,9,5,3,2
2.2297,2,2,2,6,2
1.8285,1,1,2,8,2
1.4498,2,8,1,11,2
1.3953,1,3,3,5,2
1.5812,1,9,2,3,2
1.5442,1,8,1,3,2
3.1765,2,5,4,6,2
1.4239,2,5,6,7,2
1.4259,1,7,6,9,2
1.8174,2,2,6,6,2
1.1896,2,5,4,3,2
1.5862,1,4,4,2,2
1.5513,1,1,4,8,2
1.7463,1,7,6,5,2
1.4507,1,7,3,8,2
1.3421,2,4,4,6,2
2.0771,1,6,3,5,2
2.0336,1,5,3,2,2
1.9587,2,8,4,1,2
1.0395,2,12,1,10,2
1.6893,1,5,2,7,2
1.8054,1,7,5,5,2
1.9414,2,5,3,3,2
2.2197,1,9,1,1,2
1.4306,2,5,5,7,2
4.5145,2,8,1,9,2
2.075,2,9,5,5,2
1.656,2,1,4,7,2
1.3905,2,5,2,9,2
1.7355,2,7,1,9,2
1.4943,1,11,3,8,2
2.6666,2,9,4,1,2
2.4739,2,2,3,5,2
1.4655,1,3,3,1,2
1.6068,1,4,4,12,2
3.0979,2,1,1,11,2
1.5034,2,7,2,9,2
2.0825,2,2,3,6,2
4.6603,1,3,1,5,2
1.3815,2,1,1,9,2
2.3566,2,3,2,9,2
5.3698,1,6,6,2,2
2.4596,1,6,4,2,2
2.6039,2,7,2,5,2
2.1174,2,2,4,7,2
2.5198,1,5,3,3,1
2.8341,2,9,6,3,2
1.9594,2,7,4,0,1
2.11,1,9,2,3,2
1.9661,2,2,3,5,2
2.6784,1,3,3,8,2
1.8097,1,1,3,3,1
2.3226,1,12,4,10,1
3.1011,1,9,2,5,2
2.7222,1,1,4,11,2
1.6959,1,4,1,2,2
3.099,1,2,3,6,1
2.7866,1,1,1,0,1
2.8621,2,1,5,8,1
1.979,2,8,3,0,1
1.8616,2,1,2,8,1
4.2133,1,9,1,3,2
3.7792,2,8,1,11,2
1.6,2,2,6,6,2
4.2145,2,7,1,0,1
1.5404,2,6,1,0,1
2.7866,2,1,4,3,1
4.5171,2,7,1,8,1
4.6474,2,11,1,0,1
2.5312,1,6,4,4,2
2.6613,2,2,1,4,2
3.9747,2,5,1,2,2
2.4187,1,6,4,5,2
1.6295,2,3,3,0,1
1.5114,1,8,4,0,1
1.9801,1,7,1,8,2
2.5405,1,1,5,8,2
2.0171,1,11,1,1,2
2.7016,1,7,3,0,1
3.45,1,1,4,9,2
1.4444,2,12,4,4,2
1.0644,2,9,3,0,1
1.1193,2,11,4,8,1
1.0072,1,1,6,8,2
1.2454,1,7,6,9,2
1.5865,1,5,6,7,1
1.5569,2,7,1,0,1
1.4554,2,9,6,7,2
3.9753,2,9,1,7,1
1.5055,1,7,4,6,2
1.6829,2,9,4,8,1
2.2959,2,6,5,0,1
2.2123,2,9,6,5,1
2.6238,1,8,3,7,1
1.8262,1,5,4,0,1
3.25,1,2,1,6,1
2.4474,1,4,4,2,2
1.6965,1,9,1,7,2
2.1599,1,1,3,8,1
1.7761,2,8,1,3,1
3.2752,2,2,5,6,2
3.4572,2,7,6,5,1
3.1727,1,2,4,7,1
1.9443,2,9,4,7,2
1.6868,2,2,3,6,2
3.6567,1,2,2,6,1
1.7035,1,5,6,0,1
3.2861,1,4,1,12,2
2.4963,1,9,1,8,2
2.3021,1,9,5,5,1
2.2029,1,9,5,3,1
5.1436,1,6,1,7,1
2.7393,2,2,1,7,2
1.8983,2,9,3,7,1
1.6286,2,7,5,0,1
2.8191,2,6,1,4,1
1.9827,2,7,3,9,2
4.3803,1,7,5,5,2
4.8911,2,5,4,6,2
2.9006,2,11,3,8,1
1.6402,1,10,1,12,2
1.7689,1,8,1,7,1
3.0263,1,3,4,0,1
2.1368,2,2,4,4,2
3.3714,2,8,4,3,2
3.3854,2,7,1,6,1
5.6746,2,5,2,9,2
3.073,2,2,3,6,2
5.1712,1,7,3,1,2
2.9926,2,5,3,3,2
4.8623,1,9,3,3,2
2.6032,2,5,1,3,2
1.5292,2,2,2,6,2
2.9815,2,9,5,3,2
2.3039,1,1,2,8,2
3.2331,1,3,3,5,2
2.6799,2,1,4,7,2
2.2057,2,5,6,7,2
1.8301,2,6,1,7,2
4.5007,2,5,4,3,2
3.3282,1,6,4,5,2
2.3037,1,7,3,8,2
3.9799,1,6,4,2,2
1.7926,1,5,2,7,2
2.5709,2,7,2,9,2
1.7393,2,7,1,9,2
3.1539,1,9,2,3,2
3.1571,1,7,1,2,2
3.5058,2,2,6,6,2
1.6806,2,2,3,5,2
3.2965,2,8,1,11,2
3.8868,2,5,2,9,2
6.9609,2,5,4,2,2
4.3957,2,4,4,6,2
1.7328,2,8,4,1,2
4.435,1,7,5,5,2
1.7585,1,7,6,9,2
3.0897,2,3,1,9,2
3.9176,2,9,4,1,2
5.0982,1,7,6,5,2
4.5629,1,2,1,5,2
2.1501,1,1,4,8,2
7.5213,1,4,4,2,2
6.2905,2,1,3,8,2
1.8219,2,5,4,6,2
1.3653,2,3,2,9,2
1.3421,2,12,1,10,2
2.584,2,9,5,5,2
3.8599,1,6,4,4,2
2.8704,1,3,3,1,2
3.261,2,1,1,11,2
2.2854,1,4,1,12,2
3.1783,2,1,1,9,2
3.0481,2,2,1,4,2
5.3254,1,8,1,3,2
7.2566,2,8,1,9,2
3.193,2,7,2,5,2
1.9762,1,2,4,5,2
4.7008,1,9,2,5,2
3.6078,1,3,3,8,2
5.8054,1,5,3,2,2
3.8556,1,4,1,2,2
2.9208,2,6,1,7,2
2.1531,1,1,3,0,1
3.0552,2,5,6,9,2
2.3264,1,1,3,7,1
4.1674,2,5,5,0,1
2.2055,1,7,4,2,2
2.4998,1,1,1,0,1
2.5662,2,2,4,7,2
2.2476,2,11,3,0,1
1.8586,1,1,2,8,2
2.6315,2,1,4,8,1
3.2354,1,9,1,1,2
4.3193,2,1,1,7,2
2.1506,2,10,4,12,1
1.7319,1,8,2,0,1
1.3647,2,1,6,8,1
1.8202,2,1,2,8,1
2.1397,2,4,4,6,2
2.1317,2,5,3,6,2
1.3405,2,9,4,8,1
1.8331,2,9,1,0,1
1.8356,1,2,1,7,1
5.0899,1,8,1,3,2
3.9471,1,5,2,7,2
0.96639,2,7,5,0,1
2.1177,2,4,4,12,1
2.0088,2,2,1,7,2
2.514,2,2,5,6,2
4.9388,1,6,6,2,2
1.625,1,12,4,10,1
1.7808,1,7,2,0,1
4.3567,1,8,1,7,1
1.1611,1,9,6,7,1
2.2606,2,1,4,7,2
1.9041,2,6,1,4,1
2.5842,2,5,2,9,2
2.0883,2,8,3,9,2
2.8463,1,8,1,0,1
2.2839,2,2,6,6,2
5.5379,1,1,5,8,2
1.1951,2,3,3,0,1
1.1909,2,12,4,10,2
1.0774,2,4,1,0,1
1.0884,2,11,1,0,1
6.1644,1,9,4,8,2
1.9939,2,3,1,8,2
3.3507,2,9,6,7,2
2.9528,2,9,3,7,1
2.7602,1,11,1,1,2
2.0825,1,6,3,7,1
2.5623,2,5,2,7,1
2.4551,2,1,3,7,2
2.2996,1,2,6,6,1
2.0574,1,9,4,7,1
2.6144,1,7,1,8,2
5.5617,1,6,4,5,2
1.5555,1,9,2,7,2
1.2296,2,2,3,7,2
1.2795,2,9,2,3,1
1.6579,2,1,1,11,2
2.0161,1,9,2,5,2
2.3001,1,1,4,11,2
2.2054,2,6,4,7,2
1.1848,1,8,4,0,1
3.2491,1,7,4,1,2
2.4283,2,1,4,0,1
1.9727,1,8,3,0,1
0.9081,1,2,3,6,1
0.79016,2,8,3,0,1
4.4614,2,7,1,8,1
2.6647,1,2,4,4,1
1.8723,1,1,3,0,1
2.3871,2,9,2,7,1
1.9114,2,6,3,5,1
1.1443,1,11,3,8,2
3.0122,2,8,3,7,2
0.80625,1,2,1,5,2
1.6109,1,8,3,7,1
3.8603,1,5,3,2,2
1.327,2,5,1,6,2
3.6558,2,7,3,6,1
1.9505,1,7,4,9,2
2.1859,1,4,4,12,2
1.3117,2,6,3,0,1
1.4493,1,4,1,6,1
3.7964,1,3,3,1,2
2.1918,2,8,4,9,2
2.4981,2,5,5,7,2
2.9201,2,6,5,0,1
5.657,1,7,3,6,2
1.7086,1,8,6,0,1
1.4328,1,7,1,0,1
1.9708,1,1,4,7,1
2.0161,2,1,4,3,1
1.6311,2,7,4,0,1
3.3793,1,3,3,8,2
5.3861,1,3,1,5,2
3.0029,2,3,3,5,1
1.7778,2,3,4,8,1
3.1683,2,5,4,3,2
2.7174,1,7,5,5,2
2.1198,2,2,1,4,2
2.84,2,5,3,3,2
5.2263,2,6,3,7,2
2.0145,1,8,1,3,2
2.4159,1,9,1,1,2
2.2925,2,9,4,1,2
5.4999,2,2,3,5,2
2.3396,2,5,4,6,2
4.278,2,8,1,11,2
8.5975,1,1,4,8,2
5.9681,2,8,6,1,2
4.0675,1,6,4,4,2
1.5693,1,7,6,5,2
3.6005,1,9,2,5,2
3.2237,2,6,1,7,2
1.5562,2,1,1,9,2
1.7913,1,6,3,5,2
3.0318,2,2,3,6,2
1.3787,2,5,5,7,2
2.4449,2,5,1,3,2
2.6174,1,7,3,1,2
2.2839,1,6,1,5,2
2.1167,2,8,4,1,2
1.5466,1,7,6,9,2
2.1466,2,5,2,9,2
5.1846,2,7,1,9,2
2.1543,1,6,4,5,2
2.5885,2,1,1,11,2
3.006,2,2,6,6,2
3.8632,1,5,2,7,2
3.7321,1,5,3,2,2
4.1534,1,7,3,2,2
2.9656,1,2,4,5,2
1.4515,2,9,5,3,2
2.2031,2,3,1,9,2
2.0659,1,9,2,3,2
1.942,1,1,2,8,2
0.5757,2,12,1,10,2
1.264,1,7,3,8,2
1.535,1,3,3,5,2
0.99391,2,1,4,7,2
1.4509,1,4,4,12,2
1.0227,1,7,1,2,2
1.1268,2,5,6,7,2
0.94094,1,4,1,2,2
3.5286,2,1,3,8,2
1.4639,1,4,1,12,2
1.4182,1,4,4,2,2
0.70866,1,3,3,1,2
1.5194,2,8,1,9,2
1.4524,2,9,5,5,2
1.8308,2,2,2,6,2
1.6263,2,3,2,9,2
1.1607,1,8,4,0,1
1.7983,1,7,4,1,2
1.527,2,8,4,3,2
1.4918,1,5,2,0,1
2.8877,2,6,3,7,2
2.5296,1,5,3,2,2
1.111,1,5,3,3,1
2.158,1,3,5,9,2
3.9902,2,9,5,7,2
1.3269,2,5,4,6,2
2.4051,2,9,5,5,2
1.5851,1,5,3,6,1
0.93066,1,8,1,0,1
1.6702,1,8,1,0,1
0.96131,2,5,6,9,2
1.3148,2,8,5,1,2
1.15,2,6,1,5,1
1.9981,2,1,3,9,2
3.0092,1,5,6,0,1
2.7831,2,11,4,8,1
2.1599,2,7,4,8,1
1.6044,2,8,3,7,2
1.5927,2,7,4,0,1
3.0194,2,8,1,7,2
4.856,2,1,3,3,2
4.6275,1,9,1,3,2
3.3961,1,7,3,1,2
2.3754,2,7,4,0,1
2.3968,2,1,3,11,2
5.9389,2,8,4,9,2
2.5011,2,9,1,7,1
1.2475,2,7,1,6,1
2.2452,2,11,1,0,1
0.96855,1,1,3,7,1
1.246,2,9,3,7,1
1.1334,1,12,4,4,1
1.4243,2,8,1,11,2
1.5358,1,9,1,7,2
1.291,1,3,1,8,1
0.93904,2,5,2,7,1
1.8142,2,7,1,0,1
0.88024,1,5,1,0,1
4.0135,1,11,3,8,2
0.95474,1,7,2,0,1
0.63894,2,3,4,5,1
1.0336,1,1,4,3,2
3.9952,2,5,4,2,2
1.2585,1,4,4,2,2
2.1167,1,9,1,1,2
6.0369,1,8,4,0,1
2.0909,2,8,3,11,2
2.5074,2,5,4,3,2
1.864,1,5,6,7,1
2.8968,1,6,1,2,2
3.8348,2,9,3,3,1
1.4008,1,9,6,3,1
3.5088,2,5,6,7,2
0.84686,1,3,4,5,2
1.2225,1,2,1,7,1
2.6779,1,7,6,5,2
0.94919,1,9,4,7,1
1.612,2,3,3,0,1
1.015,2,4,4,12,1
2.106,2,3,4,1,2
1.0338,2,8,1,3,1
3.525,1,9,2,3,2
1.1072,1,7,3,2,2
1.0126,2,6,5,0,1
1.0803,2,6,4,5,1
5.5324,2,8,6,1,2
1.0182,2,2,1,5,1
1.7292,2,9,3,0,1
3.8021,2,7,2,9,2
1.6675,2,2,1,7,2
0.95317,1,8,4,3,1
0.93064,2,9,4,8,1
0.92562,2,9,3,8,1
2.9652,1,1,6,8,2
0.44297,1,1,3,0,1
1.004,2,4,1,12,1
0.97345,2,6,4,0,1
1.0148,1,12,1,4,1
0.87518,1,2,6,6,1
0.94673,1,9,3,3,2
0.93162,2,1,1,3,1
1.7879,2,4,4,6,2
1.9897,2,3,3,8,1
3.7706,2,3,1,9,2
5.1984,2,8,3,3,2
1.5596,1,3,2,0,1
1.9611,1,3,3,1,2
0.85406,2,2,2,6,2
2.292,2,2,6,6,2
2.315,2,7,1,9,2
1.3956,2,9,5,3,2
1.0644,1,6,1,5,2
2.1364,1,9,2,5,2
2.0934,1,4,1,12,2
1.0218,1,4,1,2,2
1.0856,2,5,6,7,2
1.2636,2,7,2,9,2
1.3563,1,7,1,2,2
1.9933,1,3,4,5,2
1.1062,1,7,3,8,2
2.0847,2,1,1,11,2
1.5621,2,3,1,9,2
1.1343,2,1,1,9,2
1.0873,2,1,4,7,2
1.0163,1,9,2,3,2
2.3916,1,3,3,8,2
5.105,2,5,1,3,2
1.9607,1,9,3,3,2
1.2573,1,8,1,3,2
1.6444,1,7,5,5,2
1.7182,2,2,3,7,2
1.3721,1,4,4,12,2
5.851,2,9,4,1,2
2.1751,1,2,4,5,2
0.8678,2,12,1,10,2
1.3339,2,2,1,4,2
1.2133,1,3,3,5,2
0.97937,2,5,3,3,2
2.5791,1,9,1,1,2
1.8121,1,4,4,2,2
1.626,2,9,5,5,2
1.0532,2,8,4,1,2
4.0767,2,2,3,6,2
1.7177,2,1,3,8,2
3.0742,1,7,3,1,2
1.8671,2,3,2,9,2
2.7675,1,5,3,2,2
1.5308,1,6,4,5,2
1.2668,2,5,5,7,2
1.4166,1,5,2,7,2
2.0803,2,5,4,6,2
6.2226,2,8,1,9,2
1.5223,1,6,4,2,2
2.2341,2,3,1,8,2
2.1482,2,5,4,3,2
2.4654,2,8,1,11,2
5.7969,1,6,3,5,2
1.7897,2,6,3,7,2
8.0967,1,7,1,1,2
1.7922,1,6,4,4,2
2.9019,2,9,4,8,1
4.2223,2,11,4,8,1
3.5973,2,8,3,9,2
4.3906,2,3,1,5,1
3.4443,2,1,3,9,2
3.8751,1,5,6,0,1
7.7285,2,3,1,8,2
8.049,1,6,1,7,1
1.9669,2,2,2,6,2
2.9464,1,4,1,12,2
3.7773,1,2,4,6,1
5.7629,2,7,2,9,2
1.9744,1,1,3,7,1
3.3486,1,7,3,6,2
3.2582,2,8,1,1,2
1.581,2,9,1,7,1
4.4519,1,2,6,6,1
2.3724,1,2,4,5,2
1.121,2,4,1,6,2
4.1074,2,8,1,3,1
4.728,1,5,1,0,1
1.3982,1,5,4,6,1
2.9639,1,3,4,8,2
2.1586,2,6,4,5,1
2.1438,1,4,4,12,2
3.8103,2,5,5,7,2
5.6801,2,8,1,11,2
2.3146,2,11,3,8,1
3.1745,1,2,1,7,1
8.1292,1,7,1,1,2
0.84674,2,6,6,0,1
3.141,2,4,4,0,1
1.718,1,7,6,5,2
5.7658,2,1,4,0,1
7.247,2,8,4,1,2
1.5015,2,4,1,0,1
5.6512,1,1,3,0,1
7.185,2,5,1,2,2
1.1552,1,2,3,7,1
3.4358,2,7,3,9,2
3.2289,1,12,1,4,1
1.2515,2,3,6,0,1
1.372,2,2,5,6,2
2.7467,1,1,3,8,1
6.702,1,6,2,2,2
6.8964,1,5,5,9,2
7.2047,1,7,3,0,1
1.5906,2,7,3,8,1
3.6709,1,5,6,7,1
3.5415,1,7,4,1,2
5.0788,2,1,3,11,2
1.7599,1,1,1,0,1
1.6511,1,2,5,6,1
1.2291,2,7,6,0,1
1.4858,2,7,3,0,1
1.7151,2,5,3,3,2
2.7602,2,9,4,7,2
2.3827,2,7,2,5,2
3.1292,2,9,3,7,1
8.374,1,9,4,0,1
1.8553,1,10,4,12,2
1.287,1,6,4,5,2
1.78,1,3,1,8,1
3.0836,1,1,4,7,1
5.7264,2,2,4,6,2
2.8446,2,1,3,7,2
1.581,2,4,1,12,1
3.9761,1,3,1,0,1
1.9682,2,6,3,0,1
2.7884,2,3,2,9,2
1.4504,2,1,4,7,2
1.0065,2,3,4,8,1
1.2043,1,3,1,0,1
3.8169,2,8,2,1,2
3.3157,1,9,3,1,2
1.2009,2,1,4,8,1
1.1082,1,12,4,4,1
1.7229,1,11,1,8,2
3.4545,2,12,4,10,2
1.9697,2,11,1,8,1
2.0696,1,2,1,4,1
1.5855,1,8,4,0,1
1.1931,2,1,4,3,1
4.9784,2,8,4,3,2
3.99,1,8,1,0,1
1.7272,1,2,4,7,1
1.3025,2,1,5,8,1
2.2514,1,9,5,5,1
1.4953,1,8,1,0,1
1.0193,1,3,3,1,2
1.7897,1,9,5,3,1
2.4432,2,8,6,1,2
1.066,1,11,4,0,1
0.98172,1,8,3,7,1
1.6317,2,1,1,9,2
8.5264,2,2,6,6,2
2.3874,1,7,6,5,2
2.2724,1,7,5,5,2
3.3453,1,4,4,2,2
2.1777,2,1,1,11,2
3.1844,2,8,1,9,2
2.7242,2,8,4,1,2
2.5054,1,1,4,8,2
1.6359,2,5,1,3,2
3.592,2,2,3,6,2
3.7449,1,8,1,3,2
8.7709,1,4,4,12,2
5.2293,1,6,4,4,2
1.1075,2,5,4,3,2
1.5452,1,6,3,5,2
1.5094,1,4,1,2,2
2.5882,1,6,4,2,2
1.951,2,2,2,6,2
1.9002,1,5,2,7,2
3.5461,1,3,3,8,2
2.8863,2,7,1,9,2
2.9026,2,2,1,4,2
6.2651,2,9,5,3,2
1.2587,2,3,2,9,2
1.2609,2,5,3,3,2
4.8245,1,9,1,1,2
3.1796,2,12,1,10,2
1.8719,2,8,1,11,2
1.2502,1,7,1,2,2
2.7088,1,9,2,5,2
1.4918,2,5,4,6,2
1.6276,2,1,4,7,2
6.4354,2,6,3,7,2
1.1974,2,7,2,9,2
1.1987,1,2,4,5,2
1.8833,1,3,3,1,2
1.366,2,5,5,7,2
1.5641,1,7,3,8,2
4.9667,2,9,4,1,2
5.2221,1,9,2,3,2
1.9163,2,5,6,7,2
1.5907,1,7,4,9,2
2.8095,2,1,1,9,2
6.3908,1,6,1,5,2
2.1119,2,9,5,5,2
2.9009,2,2,3,5,2
2.096,1,7,6,9,2
0.90115,2,5,2,9,2
1.602,1,4,1,12,2
1.3696,2,3,1,9,2
1.9834,2,1,3,8,2
6.5085,1,8,3,1,2
3.4605,2,4,4,0,1
3.4051,1,5,3,6,1
3.1507,2,12,1,4,2
2.6267,2,9,6,5,1
4.0757,1,9,3,1,2
3.8558,1,1,2,8,2
5.945,1,7,6,5,2
3.6281,2,8,3,0,1
3.6702,2,8,4,7,2
3.2948,1,2,1,4,1
2.146,2,3,1,1,2
3.5538,2,1,4,0,1
2.6646,2,6,1,4,1
5.8139,2,7,4,0,1
4.2254,2,11,1,0,1
2.1001,1,8,4,0,1
2.4097,1,2,3,7,1
3.6437,2,5,4,3,2
4.006,1,6,1,7,1
3.9758,1,7,1,1,2
2.389,2,5,4,6,2
3.1556,2,9,6,7,2
1.6625,2,9,4,1,2
3.9056,2,7,3,9,2
1.9438,1,2,5,6,1
5.6276,2,3,3,0,1
1.5307,2,8,4,11,2
1.9626,2,3,1,9,2
4.7245,1,3,1,5,2
3.1961,1,5,4,3,1
3.5724,1,3,1,0,1
1.718,2,8,3,11,2
3.5624,1,3,1,8,1
1.9168,1,2,4,6,1
2.4659,1,1,5,8,2
2.6253,1,1,6,8,2
2.9054,2,9,5,5,2
2.6398,2,2,1,5,1
2.7271,2,3,4,5,1
2.3051,2,7,1,0,1
1.8425,1,2,2,6,1
2.0369,1,9,2,7,2
3.5355,1,2,6,6,1
2.7739,2,3,4,8,1
2.0723,1,5,1,3,1
1.3471,2,9,3,0,1
1.4677,2,1,4,7,2
2.8465,2,11,3,0,1
2.1822,2,9,1,0,1
1.8882,2,4,4,12,1
5.0357,1,7,5,9,2
2.6238,1,7,4,2,2
2.8698,1,7,3,8,2
4.3693,1,7,2,5,1
3.8822,2,6,1,7,2
2.0997,2,1,1,8,1
2.2307,1,5,2,7,2
4.5904,2,9,3,8,1
2.4204,2,3,3,5,1
3.9768,1,7,1,2,2
3.0131,1,9,4,8,2
3.1809,1,11,4,0,1
2.2113,1,11,1,8,2
2.8741,1,6,6,2,2
3.0703,1,5,5,9,2
2.4177,2,9,5,7,2
1.4938,2,8,3,9,2
2.5703,2,7,3,0,1
6.4282,1,11,1,1,2
5.9849,2,5,6,7,2
5.0576,1,9,2,3,2
4.4159,1,9,4,0,1
5.4732,1,5,2,0,1
4.6108,1,6,4,4,2
4.332,1,7,2,0,1
1.3829,1,8,6,0,1
1.6564,2,8,1,3,1
2.149,2,7,4,6,1
2.5617,1,8,3,0,1
3.5895,1,6,4,7,1
2.1897,2,6,4,4,1
2.7311,1,6,3,5,2
1.8234,2,2,2,6,2
2.3608,2,2,4,4,2
3.123,2,6,1,0,1
2.9549,1,5,1,6,1
2.5631,1,6,3,2,2
1.9386,2,8,5,1,2
3.5633,2,8,3,7,2
1.2394,2,2,3,7,2
5.6895,1,3,3,1,2
5.098,1,9,1,3,2
7.0577,1,9,3,3,2
2.6362,2,1,4,8,1
1.4014,1,8,1,7,1
4.8303,2,4,4,6,2
3.705,1,9,2,3,2
3.8354,2,2,2,6,2
1.2093,2,3,2,9,2
3.1583,1,4,4,2,2
2.1559,1,6,4,4,2
4.7564,1,9,2,7,2
3.3859,2,2,3,6,2
3.819,2,1,1,11,2
2.1654,2,9,4,1,2
3.7967,1,1,4,8,2
2.0285,2,5,3,3,2
4.6506,2,5,1,3,2
2.1793,2,5,4,6,2
2.847,2,8,1,9,2
2.1217,2,1,4,7,2
3.3702,2,7,1,9,2
2.2202,1,6,4,5,2
1.3471,2,1,1,9,2
1.9103,1,9,1,1,2
4.0568,1,5,2,7,2
1.7402,2,2,6,6,2
1.7349,1,7,6,9,2
2.0154,1,4,1,2,2
2.7578,2,5,2,9,2
3.0249,1,8,1,3,2
1.5925,2,1,3,8,2
3.7289,1,3,3,8,2
2.2577,1,9,2,5,2
2.7136,1,1,2,8,2
3.3998,1,7,3,8,2
1.9263,2,3,1,9,2
3.0826,1,2,4,5,2
2.8479,2,2,1,4,2
3.7435,1,5,3,2,2
2.1173,2,9,5,5,2
1.8087,1,6,1,5,2
2.0659,1,9,3,3,2
5.7703,1,6,3,5,2
1.4979,2,5,6,7,2
2.097,1,4,1,12,2
2.1914,2,5,5,7,2
2.2557,2,6,3,7,2
1.9206,2,8,1,11,2
1.6173,1,7,1,2,2
3.9728,1,6,4,2,2
2.8538,2,7,2,9,2
5.1824,1,7,6,5,2
3.1385,2,5,4,3,2
2.0489,2,8,4,1,2
1.9735,1,7,5,5,2
2.1136,2,8,4,11,2
2.2813,1,3,3,1,2
1.4477,2,11,3,8,1
3.3282,2,8,4,1,2
1.7458,1,8,1,0,1
1.5712,2,3,3,5,1
1.1303,2,7,4,0,1
2.4543,1,8,3,7,1
4.8127,1,7,1,0,1
2.1012,1,2,1,7,1
1.9843,2,9,2,3,1
2.2172,1,1,4,11,2
3.6894,1,8,3,0,1
1.9559,1,5,2,7,2
2.7395,1,1,3,3,1
1.8037,1,8,4,0,1
0.78785,2,6,4,5,1
1.4726,1,7,1,1,2
1.9564,2,2,1,4,2
2.266,1,11,3,8,2
6.9515,2,3,1,8,2
1.3983,2,10,1,12,1
2.082,1,8,2,0,1
2.0445,1,6,1,2,2
3.2006,2,1,6,8,1
1.4457,1,6,1,4,2
2.1779,1,7,4,1,2
0.88388,1,2,6,6,1
3.3394,2,8,1,1,2
6.5336,1,1,1,7,1
1.1678,2,5,6,7,2
2.3946,2,3,1,9,2
1.8237,2,9,3,8,1
1.3112,1,3,5,9,2
2.0896,2,1,4,3,1
2.9652,2,1,3,3,2
1.6401,2,7,2,5,2
0.5368,1,1,3,0,1
6.3508,2,7,4,6,1
0.71449,1,9,2,3,2
1.1239,1,6,4,7,1
1.6431,1,1,5,8,2
2.993,2,2,3,7,2
1.4892,2,5,3,0,1
1.6446,1,7,4,8,2
2.6534,1,6,2,2,2
1.6795,2,5,2,7,1
1.0423,1,5,1,6,1
1.484,2,8,1,7,2
1.7586,2,7,4,8,1
1.5131,1,8,4,0,1
3.2238,2,9,5,7,2
2.2696,1,3,3,5,2
3.7043,2,2,3,5,2
1.5759,2,3,5,0,1
1.8718,1,9,4,8,2
1.7454,2,2,1,5,1
1.9347,1,8,6,0,1
2.0265,2,8,5,1,2
1.4561,2,1,2,8,1
1.7612,2,4,4,12,1
1.6244,2,8,4,11,2
3.1269,1,3,3,0,1
3.0499,1,3,1,0,1
4.6108,2,7,3,9,2
2.2265,2,1,1,3,1
3.8197,2,9,4,7,2
2.6772,1,9,1,7,2
1.1295,1,5,2,0,1
2.112,1,2,1,5,2
1.1516,2,5,3,3,2
3.2658,1,1,1,0,1
1.8299,1,3,2,0,1
3.6255,2,9,4,8,1
1.4058,2,1,4,0,1
1.5701,2,7,1,0,1
2.0404,1,11,4,0,1
2.4722,1,3,4,0,1
3.6002,2,8,3,3,2
1.9903,1,12,1,4,1
1.4534,1,7,4,2,2
1.3421,1,1,3,0,1
2.8261,2,6,2,0,1
1.9865,2,7,3,0,1
2.3482,1,1,2,8,2
3.6591,2,1,3,7,2
3.9929,2,8,4,7,2
3.1568,1,9,1,1,2
6.2547,2,11,4,1,2
1.8502,2,9,1,8,1
3.343,2,1,3,9,2
2.7759,1,7,6,5,2
1.0796,2,6,6,0,1
1.7656,2,4,4,6,2
1.2728,2,2,4,6,2
4.9071,1,5,3,6,1
1.2153,2,9,2,5,1
1.8319,2,5,1,6,2
1.853,2,9,5,3,2
1.4009,1,6,3,7,1
1.7832,1,6,1,7,1
2.1573,2,10,4,12,1
1.1761,2,5,5,7,2
3.399,1,9,2,5,2
1.5322,2,5,6,7,2
1.5111,1,4,1,2,2
1.7137,1,4,4,2,2
3.0418,1,8,1,3,2
1.8384,1,6,1,5,2
4.114,2,1,3,8,2
3.4988,2,6,3,7,2
3.1096,1,6,4,5,2
1.4783,2,2,3,6,2
3.0781,1,7,6,9,2
1.9744,2,9,5,5,2
2.2101,1,4,4,12,2
1.3639,1,6,4,2,2
2.2503,2,8,1,11,2
1.2859,2,1,4,7,2
2.2674,2,1,1,9,2
1.9332,1,3,3,5,2
1.0843,2,5,4,3,2
0.91548,2,3,1,9,2
2.5161,2,2,2,6,2
3.9403,1,2,4,5,2
1.639,2,1,1,11,2
1.9638,2,5,2,9,2
2.6797,1,5,2,7,2
6.7603,1,9,1,1,2
1.9597,2,5,5,7,2
1.5442,1,3,3,8,2
2.1004,2,9,5,3,2
2.3364,2,7,2,9,2
2.1159,1,5,3,2,2
1.6953,1,7,3,1,2
2.9812,1,9,3,3,2
2.1944,1,3,3,1,2
1.1002,2,3,2,9,2
0.8331,2,12,1,10,2
2.4607,2,5,1,3,2
2.3397,1,6,3,5,2
2.2258,1,9,2,3,2
2.1239,1,7,6,5,2
1.6488,2,2,1,4,2
2.5767,2,8,4,1,2
1.4585,1,1,4,8,2
2.2976,2,9,4,1,2
1.2086,1,6,4,4,2
1.8948,2,8,1,9,2
1.9782,1,7,3,8,2
1.1869,1,4,1,12,2
1.6296,1,7,1,2,2
2.5123,1,1,2,8,2
1.7368,2,5,3,3,2
5.7608,1,8,5,0,1
2.8393,1,12,4,4,1
2.4314,2,1,4,8,1
2.1093,2,7,5,5,1
3.3753,1,1,4,3,2
2.1075,1,2,4,7,1
1.7108,2,7,6,0,1
3.1491,2,5,3,3,2
2.4701,2,11,3,0,1
4.451,2,8,1,9,2
2.6741,2,12,1,10,2
2.0821,1,8,1,0,1
3.3959,2,3,3,0,1
3.403,1,9,4,8,2
3.9623,1,1,3,3,1
3.0222,2,1,1,3,1
2.0986,2,7,4,6,1
2.6018,2,3,5,0,1
2.586,1,7,5,5,2
2.1515,2,5,4,3,2
3.2188,1,8,1,3,2
2.415,1,5,4,0,1
3.7967,2,11,1,0,1
1.9227,1,4,4,6,1
2.9822,1,11,4,0,1
2.8196,1,3,3,0,1
4.2579,1,1,1,0,1
3.1148,2,2,2,6,2
1.3043,2,11,4,8,1
2.3294,2,4,4,0,1
1.6751,1,5,5,9,2
3.4125,2,12,4,4,2
1.4875,2,8,1,11,2
1.862,2,5,6,9,2
3.6775,1,3,1,5,2
3.3095,2,8,1,7,2
4.2989,2,9,6,3,2
4.2921,2,7,1,0,1
2.245,1,3,3,1,2
2.7347,2,8,6,1,2
4.4837,2,8,4,9,2
1.8938,2,5,5,7,2
2.3441,1,10,1,12,2
3.7219,2,6,3,7,2
3.9468,2,5,2,7,1
3.5335,2,1,4,7,2
7.5128,1,7,4,6,2
3.7227,1,5,1,6,1
1.5707,1,9,5,5,1
1.3555,2,3,4,5,1
3.0045,2,6,1,5,1
2.4658,1,1,1,7,1
2.4124,2,8,1,3,1
2.1894,1,8,4,0,1
2.3658,2,9,1,0,1
1.6942,1,11,3,8,2
2.0737,1,5,2,0,1
1.6741,1,9,5,7,1
3.175,1,7,1,8,2
1.7063,1,1,3,0,1
1.8076,2,5,1,2,2
1.4506,2,12,4,10,2
2.4785,2,7,1,9,2
2.411,2,6,4,7,2
2.8539,1,8,3,7,1
1.7775,1,2,3,7,1
1.6596,1,9,2,3,2
2.0998,1,2,1,4,1
1.3585,1,6,4,5,2
3.1241,1,9,3,1,2
3.1482,1,4,1,2,2
2.1926,2,9,1,7,1
2.0819,2,6,6,0,1
1.9338,2,2,1,7,2
2.5031,1,5,5,7,1
3.5587,2,5,4,2,2
1.4663,1,3,4,5,2
1.4116,2,9,6,5,1
2.2629,1,12,4,10,1
1.6209,1,11,1,8,2
1.2382,1,2,3,5,1
2.8612,1,6,1,2,2
1.969,1,1,3,7,1
1.8968,1,7,2,0,1
1.1968,2,9,2,3,1
1.1034,2,1,4,3,1
2.364,2,5,3,6,2
1.4091,2,8,3,9,2
0.94314,2,9,4,8,1
2.5272,1,7,1,0,1
1.7546,2,3,1,9,2
1.6717,2,7,3,9,2
1.2582,2,2,3,5,2
2.1158,1,9,4,7,1
0.94538,2,3,2,9,2
1.9904,2,5,2,9,2
1.8074,1,6,4,4,2
3.4534,1,2,3,6,1
1.1428,2,2,3,7,2
1.8981,2,2,5,6,2
2.5243,1,3,4,8,2
2.6194,1,9,5,3,1
3.3258,2,8,3,7,2
3.2399,2,9,1,8,1
3.1517,2,2,1,4,2
2.2513,1,9,2,3,2
2.3211,1,7,4,1,2
3.0439,2,1,4,7,2
2.6514,2,2,3,5,2
2.0708,2,5,3,3,2
2.0527,1,9,1,1,2
1.8043,2,2,6,6,2
3.2594,1,4,4,12,2
2.5893,1,3,3,8,2
1.6606,1,2,4,5,2
1.9619,2,7,1,9,2
3.8542,2,1,1,11,2
1.4821,1,7,1,2,2
1.316,2,3,1,9,2
1.6525,1,3,3,1,2
1.7248,2,9,5,3,2
2.7704,2,5,5,7,2
3.5494,1,9,2,5,2
1.5647,2,8,4,1,2
1.8088,1,6,4,5,2
2.621,1,7,3,1,2
2.648,2,5,4,6,2
1.6401,2,8,1,11,2
1.9359,1,6,1,5,2
2.2275,1,7,5,5,2
1.5389,2,1,3,8,2
3.1096,2,7,2,9,2
1.721,2,12,1,10,2
2.0349,2,5,2,9,2
2.025,2,5,4,3,2
1.7336,1,4,1,12,2
1.4475,2,5,6,7,2
3.2798,2,8,1,9,2
2.1582,1,5,2,7,2
3.0447,1,4,1,2,2
1.6529,2,2,3,6,2
4.8827,1,7,3,8,2
1.8838,2,5,1,3,2
2.6479,1,4,4,2,2
5.6512,2,6,3,7,2
2.675,2,9,4,1,2
5.2641,1,7,6,5,2
3.1591,1,6,4,2,2
1.5037,1,8,1,3,2
3.4809,1,5,3,2,2
2.2631,1,6,3,5,2
1.829,1,3,3,5,2
2.4724,2,3,2,9,2
2.3558,2,9,5,5,2
2.0294,2,1,1,9,2
1.9114,1,1,4,8,2
1.13,2,2,2,6,2
1.7513,1,6,4,4,2
1.3564,2,11,1,8,1
1.4363,2,5,2,9,2
1.9361,2,8,6,1,2
3.2463,1,6,1,4,2
1.5462,1,9,3,1,2
1.3565,1,6,1,7,1
2.6666,2,9,1,7,1
4.7348,2,9,4,7,2
1.4474,2,7,4,0,1
1.3919,1,5,2,7,2
1.2334,1,3,4,0,1
1.1023,1,3,3,8,2
3.3911,2,6,3,7,2
1.2749,1,8,3,7,1
1.4991,2,8,3,3,2
1.3913,2,3,1,5,1
1.4721,2,7,4,0,1
1.6885,2,7,3,0,1
2.355,2,8,4,9,2
1.5762,1,2,1,4,1
1.6977,2,9,3,8,1
2.5155,2,4,4,0,1
2.2658,2,6,1,4,1
3.8185,2,3,4,5,1
1.396,1,11,1,1,2
2.0141,1,5,3,2,2
1.4368,2,3,6,0,1
1.3901,1,9,6,5,2
1.4181,2,7,3,8,1
2.3074,2,5,4,3,2
2.1071,1,1,3,8,1
1.9735,2,6,1,5,1
1.6072,1,7,3,8,2
1.4354,1,9,6,3,1
1.1199,1,9,2,7,2
1.6241,2,1,3,11,2
1.8042,2,4,1,12,1
2.2437,2,5,3,0,1
1.43,2,8,3,11,2
2.8355,1,1,5,8,2
3.8825,1,4,1,2,2
1.9549,2,4,4,12,1
1.5768,2,7,1,0,1
1.3651,2,9,6,5,1
1.1225,1,1,4,7,1
1.6566,1,6,4,2,2
1.2698,1,4,1,6,1
1.3983,1,6,3,7,1
1.3292,2,3,3,8,1
1.2504,1,7,2,0,1
2.5742,1,9,2,3,2
1.2835,1,9,1,1,2
1.2536,2,12,1,4,2
1.7021,1,8,3,0,1
2.0757,2,3,4,8,1
1.4121,2,9,1,0,1
1.5572,1,12,1,10,1
2.4247,1,5,6,7,1
1.4213,1,3,1,0,1
1.3701,2,6,1,7,2
1.8813,2,6,3,5,1
1.3899,2,6,3,0,1
1.6459,1,1,1,0,1
1.4175,2,3,3,0,1
1.1273,2,7,3,9,2
2.645,1,3,3,5,2
1.2812,2,2,3,5,2
2.3121,1,5,1,3,1
1.4517,2,9,3,3,1
1.5118,2,9,4,1,2
2.7452,1,9,1,8,2
2.2283,2,9,5,5,2
1.8146,2,1,1,3,1
3.0036,2,3,1,8,2
1.8408,2,7,6,0,1
1.4931,2,7,1,0,1
1.4289,2,9,4,8,1
2.3044,2,9,3,0,1
1.3787,2,4,1,6,2
1.3885,1,1,6,8,2
1.0695,1,8,1,0,1
1.4823,2,6,2,0,1
1.9521,2,1,1,7,2
1.3484,1,6,4,4,2
1.0707,2,2,1,6,2
1.1048,1,2,4,4,1
2.585,2,1,4,7,2
1.1614,2,6,4,4,1
1.9083,1,5,5,9,2
1.1776,1,11,1,8,2
0.98808,1,2,4,5,2
1.123,1,6,1,5,2
1.1188,2,1,1,8,1
0.97058,1,5,1,6,1
0.927,1,7,6,9,2
3.2544,2,8,4,1,2
4.4813,2,5,1,3,2
3.3782,2,8,1,9,2
2.1102,2,8,4,1,2
1.4287,1,4,1,2,2
1.4199,2,5,2,9,2
2.1444,1,6,1,5,2
2.0338,1,7,3,1,2
1.0217,1,3,3,1,2
2.0018,1,9,3,3,2
1.6864,2,7,2,9,2
2.6892,2,9,4,1,2
1.696,1,7,6,5,2
2.0972,2,1,1,11,2
1.2756,2,7,1,9,2
1.5962,1,7,5,5,2
1.687,2,5,6,7,2
1.3782,2,2,2,6,2
2.6797,1,1,4,8,2
1.3294,2,3,1,9,2
1.4336,1,9,2,3,2
1.9428,2,8,1,11,2
1.0494,2,3,2,9,2
2.0387,2,5,5,7,2
1.83,1,1,2,8,2
1.7416,1,6,3,5,2
1.2898,1,6,4,5,2
1.5341,1,4,1,12,2
1.5205,1,4,4,2,2
1.7492,2,9,5,3,2
1.425,1,2,4,5,2
2.0999,2,1,1,9,2
2.0624,1,3,3,8,2
1.5402,2,2,1,4,2
1.2349,1,3,3,5,2
1.5551,1,5,3,2,2
1.4372,2,5,4,3,2
1.2914,1,8,1,3,2
1.6405,2,2,6,6,2
2.051,1,6,4,2,2
1.8871,2,9,5,5,2
1.4769,1,5,2,7,2
1.2965,2,1,4,7,2
1.6891,1,9,2,5,2
2.3669,2,2,3,5,2
1.8559,2,5,3,3,2
1.024,2,5,4,6,2
1.9235,2,1,3,8,2
1.1314,2,12,1,10,2
1.582,1,6,4,4,2
1.4867,1,7,6,9,2
1.1839,1,9,1,1,2
1.2331,2,2,3,6,2
1.4144,1,7,1,2,2
